0, 0.5
0.002, 0.499994
0.003, 0.499975
0.005, 0.499861
0.006, 0.49982
0.008, 0.500158
0.009, 0.500704
0.011, 0.502785
0.012, 0.504323
0.014, 0.508243
0.015, 0.510546
0.016, 0.513036
0.018, 0.518511
0.019, 0.521475
0.021, 0.527811
0.022, 0.53116
0.024, 0.538157
0.025, 0.541779
0.027, 0.54921
0.028, 0.552997
0.03, 0.560664
0.031, 0.564524
0.033, 0.572255
0.034, 0.576107
0.036, 0.583735
0.037, 0.587488
0.038, 0.591179
0.04, 0.598268
0.041, 0.601606
0.043, 0.607706
0.044, 0.610403
0.046, 0.614944
0.047, 0.616744
0.049, 0.619351
0.05, 0.620159
0.052, 0.62085
0.053, 0.62078
0.055, 0.619956
0.056, 0.619265
0.057, 0.618428
0.059, 0.616427
0.06, 0.615313
0.062, 0.612953
0.063, 0.61173
0.065, 0.60923
0.066, 0.607959
0.068, 0.605389
0.069, 0.604097
0.071, 0.601536
0.072, 0.600291
0.074, 0.597943
0.075, 0.596875
0.077, 0.595038
0.078, 0.594299
0.079, 0.593694
0.081, 0.592905
0.082, 0.592718
0.084, 0.592711
0.085, 0.592862
0.087, 0.593384
0.088, 0.593718
0.09, 0.594457
0.091, 0.594839
0.093, 0.595597
0.094, 0.595971
0.096, 0.596721
0.097, 0.597107
0.098, 0.597507
0.1, 0.598358
0.101, 0.598809
0.103, 0.599745
0.104, 0.600214
0.106, 0.601103
0.107, 0.6015
0.109, 0.602143
0.11, 0.602373
0.112, 0.602633
0.113, 0.602666
0.115, 0.602567
0.116, 0.602456
0.118, 0.602167
0.119, 0.602012
0.12, 0.601863
0.122, 0.601603
0.123, 0.601498
0.125, 0.601328
0.126, 0.601254
0.128, 0.601093
0.129, 0.600994
0.131, 0.600736
0.132, 0.600574
0.134, 0.600196
0.135, 0.599991
0.137, 0.599585
0.138, 0.599402
0.14, 0.599117
0.141, 0.599025
0.142, 0.598972
0.144, 0.598975
0.145, 0.599024
0.147, 0.599183
0.148, 0.599276
0.15, 0.59945
0.151, 0.599519
0.153, 0.5996
0.154, 0.599613
0.156, 0.599597
0.157, 0.59958
0.159, 0.599556
0.16, 0.599561
0.161, 0.599584
0.163, 0.599691
0.164, 0.599773
0.166, 0.599979
0.167, 0.600091
0.169, 0.600299
0.17, 0.600382
0.172, 0.600484
0.173, 0.600498
0.175, 0.600454
0.176, 0.600403
0.178, 0.600271
0.179, 0.600203
0.181, 0.600092
0.182, 0.600058
0.183, 0.600042
0.185, 0.60006
0.186, 0.60009
0.188, 0.60017
0.189, 0.60021
0.191, 0.60026
0.192, 0.600264
0.194, 0.60022
0.195, 0.600173
0.197, 0.600044
0.198, 0.599972
0.2, 0.59984
0.201, 0.599789
0.203, 0.599737
0.204, 0.599739
0.205, 0.599758
0.207, 0.599839
0.208, 0.599892
0.21, 0.599998
0.211, 0.600042
0.213, 0.600092
0.214, 0.600094
0.216, 0.600056
0.217, 0.60002
0.219, 0.599935
0.22, 0.599895
0.222, 0.599839
0.223, 0.59983
0.224, 0.599836
0.226, 0.59989
0.227, 0.599933
0.229, 0.600035
0.23, 0.600085
0.232, 0.600162
0.233, 0.600183
0.235, 0.600183
0.236, 0.600162
0.238, 0.600089
0.239, 0.600045
0.241, 0.599962
0.242, 0.59993
0.244, 0.5999
0.245, 0.599903
0.246, 0.599919
0.248, 0.59998
0.249, 0.600018
0.251, 0.600092
0.252, 0.60012
0.254, 0.600146
0.255, 0.600142
0.257, 0.600099
0.258, 0.600064
0.26, 0.599984
0.261, 0.599946
0.263, 0.599891
0.264, 0.599878
0.265, 0.599876
0.267, 0.599907
0.268, 0.599935
0.27, 0.600006
0.271, 0.600041
0.273, 0.600095
0.274, 0.60011
0.276, 0.600107
0.277, 0.60009
0.279, 0.600035
0.28, 0.600002
0.282, 0.599941
0.283, 0.599918
0.285, 0.599899
0.286, 0.599905
0.287, 0.599919
0.289, 0.599971
0.29, 0.600003
0.292, 0.600065
0.293, 0.600089
0.295, 0.600113
0.296, 0.600111
0.298, 0.600082
0.299, 0.600056
0.301, 0.599998
0.302, 0.59997
0.304, 0.599929
0.305, 0.599919
0.307, 0.599927
0.308, 0.599943
0.309, 0.599965
0.311, 0.600019
0.312, 0.600045
0.314, 0.600086
0.315, 0.600096
0.317, 0.600092
0.318, 0.600078
0.32, 0.600034
0.321, 0.600007
0.323, 0.599958
0.324, 0.59994
0.326, 0.599924
0.327, 0.599928
0.328, 0.599939
0.33, 0.599978
0.331, 0.600002
0.333, 0.600049
0.334, 0.600067
0.336, 0.600085
0.337, 0.600084
0.339, 0.60006
0.34, 0.600041
0.342, 0.599996
0.343, 0.599974
0.345, 0.599943
0.346, 0.599936
0.348, 0.599943
0.349, 0.599955
0.35, 0.599973
0.352, 0.600015
0.353, 0.600036
0.355, 0.600068
0.356, 0.600076
0.358, 0.600073
0.359, 0.600062
0.361, 0.600028
0.362, 0.600008
0.364, 0.59997
0.365, 0.599956
0.367, 0.599944
0.368, 0.599947
0.369, 0.599956
0.371, 0.599986
0.372, 0.600005
0.374, 0.600041
0.375, 0.600055
0.377, 0.600069
0.378, 0.600068
0.38, 0.600049
0.381, 0.600034
0.383, 0.599998
0.384, 0.599982
0.386, 0.599957
0.387, 0.599952
0.389, 0.599957
0.39, 0.599967
0.391, 0.599981
0.393, 0.600014
0.394, 0.60003
0.396, 0.600054
0.397, 0.60006
0.399, 0.600058
0.4, 0.60005
0.402, 0.600023
0.403, 0.600007
0.405, 0.599978
0.406, 0.599967
0.408, 0.599958
0.409, 0.59996
0.411, 0.599978
0.412, 0.599991
0.413, 0.600006
0.415, 0.600034
0.416, 0.600045
0.418, 0.600055
0.419, 0.600054
0.421, 0.60004
0.422, 0.600028
0.424, 0.6
0.425, 0.599987
0.427, 0.599968
0.428, 0.599964
0.43, 0.599969
0.431, 0.599976
0.432, 0.599987
0.434, 0.600013
0.435, 0.600025
0.437, 0.600044
0.438, 0.600049
0.44, 0.600047
0.441, 0.60004
0.443, 0.600019
0.444, 0.600007
0.446, 0.599984
0.447, 0.599976
0.449, 0.599969
0.45, 0.599971
0.452, 0.599984
0.453, 0.599995
0.454, 0.600006
0.456, 0.600028
0.457, 0.600037
0.459, 0.600045
0.46, 0.600044
0.462, 0.600032
0.463, 0.600023
0.465, 0.600002
0.466, 0.599991
0.468, 0.599977
0.469, 0.599974
0.471, 0.599977
0.472, 0.599983
0.473, 0.599992
0.475, 0.600012
0.476, 0.600021
0.478, 0.600036
0.479, 0.60004
0.481, 0.600038
0.482, 0.600033
0.484, 0.600016
0.485, 0.600007
0.487, 0.599989
0.488, 0.599983
0.49, 0.599977
0.491, 0.599979
0.493, 0.59999
0.494, 0.599998
0.495, 0.600007
0.497, 0.600024
0.498, 0.60003
0.5, 0.600036
0.501, 0.600036
0.503, 0.599968
0.504, 0.59978
0.506, 0.598599
0.507, 0.597497
0.509, 0.594333
0.51, 0.592341
0.512, 0.587694
0.513, 0.585077
0.515, 0.579293
0.516, 0.576139
0.517, 0.572819
0.519, 0.565729
0.52, 0.56198
0.522, 0.554132
0.523, 0.55005
0.525, 0.541611
0.526, 0.537266
0.528, 0.528362
0.529, 0.523815
0.531, 0.514561
0.532, 0.509865
0.534, 0.500363
0.535, 0.495567
0.536, 0.490748
0.538, 0.481061
0.539, 0.476203
0.541, 0.466487
0.542, 0.461639
0.544, 0.451993
0.545, 0.447207
0.547, 0.437743
0.548, 0.433079
0.55, 0.423926
0.551, 0.419455
0.553, 0.410769
0.554, 0.406585
0.556, 0.398659
0.557, 0.394979
0.558, 0.391531
0.56, 0.385466
0.561, 0.382907
0.563, 0.378854
0.564, 0.377387
0.566, 0.375576
0.567, 0.37521
0.569, 0.375442
0.57, 0.375978
0.572, 0.377719
0.573, 0.378851
0.575, 0.381462
0.576, 0.382878
0.578, 0.385812
0.579, 0.387301
0.58, 0.388792
0.582, 0.391767
0.583, 0.393247
0.585, 0.396182
0.586, 0.397627
0.588, 0.400424
0.589, 0.40175
0.591, 0.404168
0.592, 0.405223
0.594, 0.406935
0.595, 0.407564
0.597, 0.408335
0.598, 0.40848
0.599, 0.408477
0.601, 0.40809
0.602, 0.407749
0.604, 0.406878
0.605, 0.406391
0.607, 0.405395
0.608, 0.404907
0.61, 0.403971
0.611, 0.403521
0.613, 0.402628
0.614, 0.402173
0.616, 0.40122
0.617, 0.40072
0.619, 0.399687
0.62, 0.399169
0.621, 0.398665
0.623, 0.397752
0.624, 0.397368
0.626, 0.396804
0.627, 0.396636
0.629, 0.396533
0.63, 0.396588
0.632, 0.39686
0.633, 0.397051
0.635, 0.397469
0.636, 0.397673
0.638, 0.398026
0.639, 0.398169
0.64, 0.398289
0.642, 0.398484
0.643, 0.398573
0.645, 0.398775
0.646, 0.398902
0.648, 0.399226
0.649, 0.399423
0.651, 0.399866
0.652, 0.400097
0.654, 0.400527
0.655, 0.400707
0.657, 0.400955
0.658, 0.401015
0.66, 0.401003
0.661, 0.40094
0.662, 0.400848
0.664, 0.400616
0.665, 0.400496
0.667, 0.400293
0.668, 0.400221
0.67, 0.400147
0.671, 0.400143
0.673, 0.400173
0.674, 0.400193
0.676, 0.400206
0.677, 0.400187
0.679, 0.40008
0.68, 0.399992
0.682, 0.399765
0.683, 0.399639
0.684, 0.399514
0.686, 0.399301
0.687, 0.399226
0.689, 0.399159
0.69, 0.39917
0.692, 0.399268
0.693, 0.399343
0.695, 0.399513
0.696, 0.399591
0.698, 0.399705
0.699, 0.399732
0.701, 0.399724
0.702, 0.399694
0.703, 0.399651
0.705, 0.399556
0.706, 0.399516
0.708, 0.399479
0.709, 0.399489
0.711, 0.399568
0.712, 0.399634
0.714, 0.399793
0.715, 0.399875
0.717, 0.400011
0.718, 0.400056
0.72, 0.400082
0.721, 0.400063
0.723, 0.399973
0.724, 0.399911
0.725, 0.399845
0.727, 0.399727
0.728, 0.399685
0.73, 0.39965
0.731, 0.39966
0.733, 0.399725
0.734, 0.399772
0.736, 0.399872
0.737, 0.399913
0.739, 0.399958
0.74, 0.399956
0.742, 0.399903
0.743, 0.399855
0.744, 0.399799
0.746, 0.39968
0.747, 0.399627
0.749, 0.399557
0.75, 0.399546
0.752, 0.399572
0.753, 0.399608
0.755, 0.399705
0.756, 0.399757
0.758, 0.399846
0.759, 0.399875
0.761, 0.399889
0.762, 0.399875
0.764, 0.399809
0.765, 0.399766
0.766, 0.39972
0.768, 0.399643
0.769, 0.399618
0.771, 0.399607
0.772, 0.399623
0.774, 0.39969
0.775, 0.399735
0.777, 0.399827
0.778, 0.399867
0.78, 0.399915
0.781, 0.39992
0.783, 0.399891
0.784, 0.399859
0.786, 0.399779
0.787, 0.399737
0.788, 0.399699
0.79, 0.39965
0.791, 0.399642
0.793, 0.399664
0.794, 0.39969
0.796, 0.399763
0.797, 0.399801
0.799, 0.399865
0.8, 0.399884
0.802, 0.399889
0.803, 0.399875
0.805, 0.399819
0.806, 0.399782
0.807, 0.399745
0.809, 0.39968
0.81, 0.399658
0.812, 0.399646
0.813, 0.399656
0.815, 0.399704
0.816, 0.399737
0.818, 0.399806
0.819, 0.399835
0.821, 0.399871
0.822, 0.399874
0.824, 0.399851
0.825, 0.399827
0.827, 0.399766
0.828, 0.399735
0.829, 0.399707
0.831, 0.399671
0.832, 0.399666
0.834, 0.399685
0.835, 0.399706
0.837, 0.399764
0.838, 0.399795
0.84, 0.399846
0.841, 0.399861
0.843, 0.399867
0.844, 0.399856
0.846, 0.399814
0.847, 0.399787
0.848, 0.399758
0.85, 0.399709
0.851, 0.399693
0.853, 0.399684
0.854, 0.399692
0.856, 0.399729
0.857, 0.399754
0.859, 0.399807
0.86, 0.399829
0.862, 0.399856
0.863, 0.399858
0.865, 0.399839
0.866, 0.39982
0.868, 0.399772
0.869, 0.399748
0.87, 0.399726
0.872, 0.399698
0.873, 0.399694
0.875, 0.399708
0.876, 0.399725
0.878, 0.399769
0.879, 0.399793
0.881, 0.399832
0.882, 0.399844
0.884, 0.399848
0.885, 0.39984
0.887, 0.399807
0.888, 0.399786
0.89, 0.399743
0.891, 0.399726
0.892, 0.399714
0.894, 0.399707
0.895, 0.399714
0.897, 0.399743
0.898, 0.399763
0.9, 0.399804
0.901, 0.399821
0.903, 0.399842
0.904, 0.399844
0.906, 0.399829
0.907, 0.399815
0.909, 0.399777
0.91, 0.399758
0.911, 0.399742
0.913, 0.39972
0.914, 0.399717
0.916, 0.399729
0.917, 0.399742
0.919, 0.399776
0.92, 0.399794
0.922, 0.399825
0.923, 0.399834
0.925, 0.399837
0.926, 0.39983
0.928, 0.399804
0.929, 0.399788
0.931, 0.399755
0.932, 0.399742
0.933, 0.399732
0.935, 0.399727
0.936, 0.399732
0.938, 0.399755
0.939, 0.399771
0.941, 0.399803
0.942, 0.399816
0.944, 0.399832
0.945, 0.399833
0.947, 0.399822
0.948, 0.39981
0.95, 0.399782
0.951, 0.399767
0.953, 0.399744
0.954, 0.399737
0.955, 0.399735
0.957, 0.399744
0.958, 0.399755
0.96, 0.399782
0.961, 0.399796
0.963, 0.399819
0.964, 0.399826
0.966, 0.399829
0.967, 0.399823
0.969, 0.399803
0.97, 0.399791
0.972, 0.399765
0.973, 0.399755
0.974, 0.399747
0.976, 0.399744
0.977, 0.399748
0.979, 0.399766
0.98, 0.399778
0.982, 0.399803
0.983, 0.399813
0.985, 0.399826
0.986, 0.399826
0.988, 0.399818
0.989, 0.399809
0.991, 0.399786
0.992, 0.399775
0.994, 0.399757
0.995, 0.399752
0.996, 0.39975
0.998, 0.399757
0.999, 0.399765
1.001, 0.399787
1.002, 0.399805
1.004, 0.400056
1.005, 0.400482
1.007, 0.402325
1.008, 0.40375
1.01, 0.407451
1.011, 0.409657
1.013, 0.414669
1.014, 0.417453
1.015, 0.420414
1.017, 0.426845
1.018, 0.430296
1.02, 0.437612
1.021, 0.441455
1.023, 0.449463
1.024, 0.453612
1.026, 0.462163
1.027, 0.466552
1.029, 0.475526
1.03, 0.480099
1.032, 0.489387
1.033, 0.494092
1.035, 0.503596
1.036, 0.508386
1.037, 0.513194
1.039, 0.522844
1.04, 0.527676
1.042, 0.537327
1.043, 0.542135
1.045, 0.551686
1.046, 0.556417
1.048, 0.565754
1.049, 0.570346
1.051, 0.579335
1.052, 0.583716
1.054, 0.592191
1.055, 0.596247
1.057, 0.603851
1.058, 0.607335
1.059, 0.610564
1.061, 0.61613
1.062, 0.618414
1.064, 0.621891
1.065, 0.623069
1.067, 0.62433
1.068, 0.624447
1.07, 0.623791
1.071, 0.623083
1.073, 0.621084
1.074, 0.619863
1.076, 0.617151
1.077, 0.615714
1.078, 0.614249
1.08, 0.61129
1.081, 0.609809
1.083, 0.606858
1.084, 0.605391
1.086, 0.602493
1.087, 0.601075
1.089, 0.598361
1.09, 0.597096
1.092, 0.594839
1.093, 0.593886
1.095, 0.592409
1.096, 0.591906
1.098, 0.591386
1.099, 0.591356
1.1, 0.591463
1.102, 0.592008
1.103, 0.592403
1.105, 0.59333
1.106, 0.593825
1.108, 0.594811
1.109, 0.595287
1.111, 0.596199
1.112, 0.596643
1.114, 0.597538
1.115, 0.598
1.117, 0.59897
1.118, 0.599477
1.119, 0.599992
1.121, 0.601012
1.122, 0.601492
1.124, 0.602331
1.125, 0.602664
1.127, 0.603112
1.128, 0.60322
1.13, 0.603214
1.131, 0.603115
1.133, 0.602786
1.134, 0.602583
1.136, 0.602169
1.137, 0.601978
1.139, 0.601659
1.14, 0.601534
1.141, 0.601428
1.143, 0.601245
1.144, 0.601153
1.146, 0.600929
1.147, 0.600786
1.149, 0.600428
1.15, 0.600218
1.152, 0.599765
1.153, 0.599541
1.155, 0.599145
1.156, 0.598993
1.158, 0.59881
1.159, 0.598784
1.161, 0.598856
1.162, 0.598942
1.163, 0.599049
1.165, 0.599287
1.166, 0.5994
1.168, 0.599575
1.169, 0.59963
1.171, 0.59967
1.172, 0.599662
1.174, 0.599625
1.175, 0.59961
1.177, 0.59962
1.178, 0.599656
1.18, 0.599797
1.181, 0.599899
1.182, 0.600015
1.184, 0.600265
1.185, 0.600382
1.187, 0.600565
1.188, 0.60062
1.19, 0.600642
1.191, 0.600611
1.193, 0.600485
1.194, 0.600403
1.196, 0.600238
1.197, 0.600169
1.199, 0.600085
1.2, 0.600073
1.202, 0.600109
1.203, 0.600149
1.204, 0.600196
1.206, 0.600286
1.207, 0.600316
1.209, 0.600326
1.21, 0.600302
1.212, 0.600196
1.213, 0.600122
1.215, 0.599959
1.216, 0.599883
1.218, 0.599769
1.219, 0.599741
1.221, 0.599747
1.222, 0.59978
1.223, 0.599829
1.225, 0.599954
1.226, 0.600018
1.228, 0.600121
1.229, 0.600151
1.231, 0.600159
1.232, 0.600137
1.234, 0.600056
1.235, 0.600006
1.237, 0.599913
1.238, 0.59988
1.24, 0.59986
1.241, 0.599874
1.243, 0.599949
1.244, 0.600003
1.245, 0.600063
1.247, 0.600177
1.248, 0.600221
1.25, 0.600269
1.251, 0.600268
1.253, 0.600219
1.254, 0.600176
1.256, 0.600074
1.257, 0.600024
1.259, 0.59995
1.26, 0.599932
1.262, 0.59994
1.263, 0.599964
1.265, 0.600042
1.266, 0.600087
1.267, 0.60013
1.269, 0.600195
1.27, 0.600211
1.272, 0.6002
1.273, 0.600175
1.275, 0.600096
1.276, 0.60005
1.278, 0.599963
1.279, 0.599931
1.281, 0.599901
1.282, 0.599906
1.284, 0.599953
1.285, 0.59999
1.286, 0.600031
1.288, 0.600112
1.289, 0.600144
1.291, 0.600177
1.292, 0.600175
1.294, 0.600138
1.295, 0.600106
1.297, 0.600031
1.298, 0.599995
1.3, 0.599943
1.301, 0.599932
1.303, 0.599944
1.304, 0.599966
1.306, 0.600031
1.307, 0.600068
1.308, 0.600104
1.31, 0.600159
1.311, 0.600174
1.313, 0.60017
1.314, 0.600152
1.316, 0.600095
1.317, 0.60006
1.319, 0.599996
1.32, 0.599972
1.322, 0.599951
1.323, 0.599955
1.325, 0.599991
1.326, 0.600019
1.328, 0.600082
1.329, 0.600111
1.33, 0.600135
1.332, 0.600158
1.333, 0.600155
1.335, 0.600124
1.336, 0.600098
1.338, 0.600038
1.339, 0.60001
1.341, 0.599968
1.342, 0.599959
1.344, 0.599967
1.345, 0.599983
1.347, 0.600033
1.348, 0.600061
1.349, 0.600088
1.351, 0.60013
1.352, 0.600141
1.354, 0.600137
1.355, 0.600124
1.357, 0.600079
1.358, 0.600053
1.36, 0.600004
1.361, 0.599986
1.363, 0.59997
1.364, 0.599974
1.366, 0.600003
1.367, 0.600025
1.369, 0.600074
1.37, 0.600097
1.371, 0.600115
1.373, 0.600134
1.374, 0.600132
1.376, 0.600108
1.377, 0.600088
1.379, 0.600042
1.38, 0.60002
1.382, 0.599988
1.383, 0.599981
1.385, 0.599988
1.386, 0.6
1.388, 0.600039
1.389, 0.600061
1.39, 0.600082
1.392, 0.600113
1.393, 0.600122
1.395, 0.600118
1.396, 0.600108
1.398, 0.600073
1.399, 0.600052
1.401, 0.600014
1.402, 0.6
1.404, 0.599988
1.405, 0.599991
1.407, 0.600013
1.408, 0.60003
1.41, 0.600068
1.411, 0.600086
1.412, 0.6001
1.414, 0.600114
1.415, 0.600113
1.417, 0.600094
1.418, 0.600078
1.42, 0.600043
1.421, 0.600026
1.423, 0.600001
1.424, 0.599996
1.426, 0.600001
1.427, 0.600011
1.429, 0.600041
1.43, 0.600058
1.432, 0.600089
1.433, 0.600099
1.434, 0.600105
1.436, 0.600103
1.437, 0.600094
1.439, 0.600067
1.44, 0.600051
1.442, 0.600022
1.443, 0.600011
1.445, 0.600001
1.446, 0.600004
1.448, 0.600021
1.449, 0.600035
1.451, 0.600064
1.452, 0.600078
1.453, 0.600089
1.455, 0.6001
1.456, 0.600098
1.458, 0.600084
1.459, 0.600071
1.461, 0.600044
1.462, 0.60003
1.464, 0.600011
1.465, 0.600007
1.467, 0.600011
1.468, 0.600019
1.47, 0.600043
1.471, 0.600056
1.473, 0.60008
1.474, 0.600088
1.475, 0.600092
1.477, 0.60009
1.478, 0.600084
1.48, 0.600063
1.481, 0.60005
1.483, 0.600027
1.484, 0.600019
1.486, 0.600011
1.487, 0.600013
1.489, 0.600027
1.49, 0.600038
1.492, 0.600061
1.493, 0.600071
1.494, 0.60008
1.496, 0.600088
1.497, 0.600087
1.499, 0.600075
1.5, 0.600066
1.502, 0.600044
1.503, 0.600026
1.505, 0.599778
1.506, 0.599351
1.508, 0.597502
1.509, 0.59607
1.511, 0.592348
1.512, 0.590128
1.514, 0.585085
1.515, 0.582284
1.516, 0.579303
1.518, 0.572831
1.519, 0.569358
1.521, 0.561994
1.522, 0.558125
1.524, 0.550065
1.525, 0.545889
1.527, 0.537282
1.528, 0.532864
1.53, 0.523832
1.531, 0.51923
1.533, 0.509883
1.534, 0.505148
1.536, 0.495585
1.537, 0.490766
1.538, 0.485929
1.54, 0.476222
1.541, 0.471362
1.543, 0.461658
1.544, 0.456825
1.546, 0.447227
1.547, 0.442474
1.549, 0.433099
1.55, 0.428491
1.552, 0.419476
1.553, 0.415087
1.555, 0.406608
1.556, 0.402562
1.557, 0.398683
1.559, 0.391558
1.56, 0.388377
1.562, 0.382938
1.563, 0.38073
1.565, 0.377422
1.566, 0.376334
1.568, 0.37525
1.569, 0.375217
1.571, 0.376023
1.572, 0.376795
1.574, 0.378898
1.575, 0.380158
1.577, 0.382926
1.578, 0.384382
1.579, 0.38586
1.581, 0.38884
1.582, 0.390329
1.584, 0.393295
1.585, 0.394768
1.587, 0.397675
1.588, 0.399093
1.59, 0.401797
1.591, 0.403051
1.593, 0.405268
1.594, 0.406195
1.596, 0.407607
1.597, 0.408074
1.598, 0.408377
1.6, 0.408517
1.601, 0.40838
1.603, 0.407788
1.604, 0.407376
1.606, 0.40643
1.607, 0.405931
1.609, 0.404945
1.61, 0.404471
1.612, 0.403559
1.613, 0.403114
1.615, 0.402211
1.616, 0.401742
1.618, 0.400758
1.619, 0.400245
1.62, 0.399725
1.622, 0.398703
1.623, 0.398226
1.625, 0.397407
1.626, 0.397089
1.628, 0.396676
1.629, 0.396586
1.631, 0.396629
1.632, 0.396742
1.634, 0.397092
1.635, 0.397299
1.637, 0.397714
1.638, 0.397901
1.64, 0.398209
1.641, 0.39833
1.642, 0.398433
1.644, 0.398614
1.645, 0.398708
1.647, 0.398943
1.648, 0.399093
1.65, 0.399464
1.651, 0.39968
1.653, 0.400138
1.654, 0.400362
1.656, 0.400747
1.657, 0.400892
1.659, 0.401055
1.66, 0.40107
1.661, 0.401043
1.663, 0.400887
1.664, 0.400776
1.666, 0.400535
1.667, 0.400425
1.669, 0.40026
1.67, 0.400212
1.672, 0.400182
1.673, 0.400193
1.675, 0.400233
1.676, 0.400246
1.678, 0.400226
1.679, 0.400184
1.681, 0.400031
1.682, 0.399924
1.683, 0.399804
1.685, 0.399553
1.686, 0.399438
1.688, 0.399264
1.689, 0.399217
1.691, 0.399209
1.692, 0.399247
1.694, 0.399383
1.695, 0.399467
1.697, 0.39963
1.698, 0.399696
1.7, 0.399771
1.701, 0.399777
1.703, 0.399732
1.704, 0.39969
1.705, 0.399642
1.707, 0.399555
1.708, 0.399527
1.71, 0.399527
1.711, 0.399558
1.713, 0.399673
1.714, 0.39975
1.716, 0.399914
1.717, 0.399988
1.719, 0.400094
1.72, 0.400118
1.722, 0.400101
1.723, 0.400063
1.724, 0.400011
1.726, 0.399883
1.727, 0.39982
1.729, 0.399723
1.73, 0.399697
1.732, 0.399698
1.733, 0.399724
1.735, 0.399811
1.736, 0.399861
1.738, 0.399952
1.739, 0.399981
1.741, 0.399994
1.742, 0.399975
1.744, 0.399893
1.745, 0.399837
1.746, 0.399777
1.748, 0.399665
1.749, 0.399623
1.751, 0.399584
1.752, 0.399589
1.754, 0.399646
1.755, 0.399691
1.757, 0.399795
1.758, 0.399843
1.76, 0.399913
1.761, 0.399927
1.763, 0.399912
1.764, 0.399884
1.765, 0.399847
1.767, 0.399758
1.768, 0.399715
1.77, 0.399655
1.771, 0.399643
1.773, 0.399661
1.774, 0.399689
1.776, 0.399772
1.777, 0.399819
1.779, 0.399904
1.78, 0.399934
1.782, 0.399957
1.783, 0.399949
1.785, 0.399896
1.786, 0.399858
1.787, 0.399816
1.789, 0.399736
1.79, 0.399707
1.792, 0.39968
1.793, 0.399684
1.795, 0.399728
1.796, 0.399762
1.798, 0.399838
1.799, 0.399873
1.801, 0.399921
1.802, 0.399929
1.804, 0.399912
1.805, 0.399887
1.807, 0.399819
1.808, 0.399781
1.809, 0.399746
1.811, 0.399695
1.812, 0.399683
1.814, 0.399693
1.815, 0.399713
1.817, 0.399774
1.818, 0.399809
1.82, 0.399872
1.821, 0.399894
1.823, 0.399911
1.824, 0.399904
1.826, 0.399864
1.827, 0.399834
1.828, 0.399802
1.83, 0.399743
1.831, 0.399721
1.833, 0.399702
1.834, 0.399707
1.836, 0.399743
1.837, 0.39977
1.839, 0.399831
1.84, 0.399859
1.842, 0.399898
1.843, 0.399905
1.845, 0.399892
1.846, 0.399874
1.848, 0.399822
1.849, 0.399794
1.85, 0.399767
1.852, 0.399729
1.853, 0.39972
1.855, 0.399728
1.856, 0.399743
1.858, 0.39979
1.859, 0.399817
1.861, 0.399865
1.862, 0.399882
1.864, 0.399894
1.865, 0.399888
1.867, 0.399856
1.868, 0.399833
1.869, 0.399808
1.871, 0.399761
1.872, 0.399744
1.874, 0.39973
1.875, 0.399733
1.877, 0.399761
1.878, 0.399782
1.88, 0.399829
1.881, 0.39985
1.883, 0.399879
1.884, 0.399885
1.886, 0.399875
1.887, 0.399861
1.889, 0.399821
1.89, 0.399799
1.891, 0.399778
1.893, 0.399749
1.894, 0.399742
1.896, 0.399749
1.897, 0.399761
1.899, 0.399798
1.9, 0.399819
1.902, 0.399856
1.903, 0.399869
1.905, 0.399879
1.906, 0.399874
1.908, 0.399849
1.909, 0.399832
1.911, 0.399793
1.912, 0.399776
1.913, 0.399763
1.915, 0.399752
1.916, 0.399755
1.918, 0.399777
1.919, 0.399793
1.921, 0.399829
1.922, 0.399846
1.924, 0.399869
1.925, 0.399873
1.927, 0.399865
1.928, 0.399854
1.93, 0.399822
1.931, 0.399805
1.932, 0.399789
1.934, 0.399767
1.935, 0.399762
1.937, 0.399767
1.938, 0.399777
1.94, 0.399805
1.941, 0.399821
1.943, 0.39985
1.944, 0.399861
1.946, 0.399868
1.947, 0.399864
1.949, 0.399845
1.95, 0.399831
1.952, 0.399801
1.953, 0.399788
1.954, 0.399778
1.956, 0.399769
1.957, 0.399772
1.959, 0.399789
1.96, 0.399802
1.962, 0.39983
1.963, 0.399843
1.965, 0.39986
1.966, 0.399864
1.968, 0.399857
1.969, 0.399849
1.971, 0.399824
1.972, 0.399811
1.973, 0.399799
1.975, 0.399781
1.976, 0.399777
1.978, 0.399782
1.979, 0.399789
1.981, 0.399812
1.982, 0.399824
1.984, 0.399847
1.985, 0.399855
1.987, 0.39986
1.988, 0.399857
1.99, 0.399842
1.991, 0.399831
1.993, 0.399808
1.994, 0.399798
1.995, 0.39979
1.997, 0.399784
1.998, 0.399786
2, 0.399799
2.001, 0.399809
2.003, 0.399838
2.004, 0.3999
2.006, 0.400516
2.007, 0.401264
2.009, 0.403783
2.01, 0.405504
2.012, 0.409691
2.013, 0.412101
2.015, 0.417486
2.016, 0.420447
2.017, 0.423581
2.019, 0.430329
2.02, 0.433922
2.022, 0.441488
2.023, 0.445441
2.025, 0.453644
2.026, 0.45788
2.028, 0.466585
2.029, 0.471041
2.031, 0.480131
2.032, 0.484753
2.034, 0.494124
2.035, 0.498862
2.036, 0.503628
2.038, 0.513226
2.039, 0.518047
2.041, 0.527708
2.042, 0.532537
2.044, 0.542166
2.045, 0.546955
2.047, 0.556448
2.048, 0.561139
2.05, 0.570376
2.051, 0.574906
2.053, 0.583746
2.054, 0.588036
2.056, 0.596277
2.057, 0.600174
2.058, 0.603881
2.06, 0.610595
2.061, 0.613536
2.063, 0.618445
2.064, 0.620369
2.066, 0.6231
2.067, 0.623909
2.069, 0.624479
2.07, 0.624289
2.072, 0.623115
2.073, 0.622201
2.075, 0.619896
2.076, 0.618575
2.078, 0.615746
2.079, 0.614282
2.08, 0.612805
2.082, 0.609842
2.083, 0.608364
2.085, 0.605424
2.086, 0.603967
2.088, 0.601108
2.089, 0.599726
2.091, 0.597128
2.092, 0.595948
2.094, 0.593919
2.095, 0.593104
2.097, 0.591939
2.098, 0.591599
2.099, 0.591418
2.101, 0.591495
2.102, 0.591719
2.104, 0.592435
2.105, 0.592882
2.107, 0.593857
2.108, 0.594353
2.11, 0.595318
2.111, 0.59578
2.113, 0.596675
2.114, 0.597119
2.116, 0.598031
2.117, 0.598508
2.119, 0.599508
2.12, 0.600023
2.121, 0.600538
2.123, 0.601524
2.124, 0.601968
2.126, 0.602695
2.127, 0.602957
2.129, 0.603252
2.13, 0.603284
2.132, 0.603146
2.133, 0.602999
2.135, 0.602614
2.136, 0.602405
2.138, 0.602009
2.139, 0.601838
2.14, 0.601691
2.142, 0.601459
2.143, 0.601365
2.145, 0.601184
2.146, 0.601081
2.148, 0.600817
2.149, 0.60065
2.151, 0.600249
2.152, 0.600025
2.154, 0.599572
2.155, 0.599362
2.157, 0.599024
2.158, 0.598911
2.16, 0.598815
2.161, 0.598832
2.162, 0.598887
2.164, 0.599079
2.165, 0.599198
2.167, 0.599431
2.168, 0.599529
2.17, 0.59966
2.171, 0.599691
2.173, 0.599693
2.174, 0.599676
2.176, 0.59964
2.177, 0.599637
2.179, 0.599687
2.18, 0.599746
2.182, 0.599929
2.183, 0.600046
2.184, 0.60017
2.186, 0.600413
2.187, 0.600515
2.189, 0.60065
2.19, 0.600676
2.192, 0.600641
2.193, 0.600587
2.195, 0.600433
2.196, 0.600349
2.198, 0.6002
2.199, 0.600147
2.201, 0.600104
2.202, 0.600113
2.203, 0.600139
2.205, 0.600226
2.206, 0.600274
2.208, 0.600347
2.209, 0.600361
2.211, 0.600332
2.212, 0.600287
2.214, 0.600152
2.215, 0.600071
2.217, 0.599913
2.218, 0.599848
2.22, 0.59977
2.221, 0.599763
2.223, 0.59981
2.224, 0.599859
2.225, 0.599919
2.227, 0.600048
2.228, 0.600105
2.23, 0.600181
2.231, 0.600194
2.233, 0.600167
2.234, 0.600131
2.236, 0.600036
2.237, 0.599986
2.239, 0.59991
2.24, 0.599891
2.242, 0.599904
2.243, 0.599934
2.244, 0.599979
2.246, 0.600092
2.247, 0.600152
2.249, 0.600251
2.25, 0.600282
2.252, 0.600297
2.253, 0.60028
2.255, 0.600205
2.256, 0.600155
2.258, 0.600054
2.259, 0.600011
2.261, 0.599961
2.262, 0.599958
2.264, 0.599994
2.265, 0.600029
2.266, 0.600071
2.268, 0.600159
2.269, 0.600197
2.271, 0.60024
2.272, 0.600242
2.274, 0.600204
2.275, 0.600168
2.277, 0.600079
2.278, 0.600033
2.28, 0.59996
2.281, 0.599939
2.283, 0.599935
2.284, 0.599953
2.286, 0.600019
2.287, 0.60006
2.288, 0.600102
2.29, 0.600173
2.291, 0.600195
2.293, 0.600204
2.294, 0.600191
2.296, 0.600135
2.297, 0.600098
2.299, 0.600023
2.3, 0.599993
2.302, 0.59996
2.303, 0.599961
2.305, 0.599994
2.306, 0.600024
2.307, 0.60006
2.309, 0.600133
2.31, 0.600164
2.312, 0.600202
2.313, 0.600206
2.315, 0.600181
2.316, 0.600155
2.318, 0.600089
2.319, 0.600055
2.321, 0.6
2.322, 0.599985
2.324, 0.599983
2.325, 0.599997
2.327, 0.600047
2.328, 0.600079
2.329, 0.60011
2.331, 0.600163
2.332, 0.600179
2.334, 0.600184
2.335, 0.600172
2.337, 0.600127
2.338, 0.600097
2.34, 0.600038
2.341, 0.600014
2.343, 0.599987
2.344, 0.599987
2.346, 0.600011
2.347, 0.600034
2.348, 0.600061
2.35, 0.600116
2.351, 0.60014
2.353, 0.600169
2.354, 0.600171
2.356, 0.600151
2.357, 0.600132
2.359, 0.600081
2.36, 0.600055
2.362, 0.600014
2.363, 0.600002
2.365, 0.600002
2.366, 0.600013
2.368, 0.600053
2.369, 0.600077
2.37, 0.600102
2.372, 0.600143
2.373, 0.600156
2.375, 0.60016
2.376, 0.600151
2.378, 0.600116
2.379, 0.600093
2.381, 0.600048
2.382, 0.600029
2.384, 0.600009
2.385, 0.600009
2.387, 0.600028
2.388, 0.600045
2.39, 0.600088
2.391, 0.600109
2.392, 0.600127
2.394, 0.600149
2.395, 0.600151
2.397, 0.600135
2.398, 0.600119
2.4, 0.60008
2.401, 0.600059
2.403, 0.600027
2.404, 0.600018
2.406, 0.600018
2.407, 0.600027
2.409, 0.600057
2.41, 0.600076
2.411, 0.600096
2.413, 0.600127
2.414, 0.600137
2.416, 0.60014
2.417, 0.600133
2.419, 0.600106
2.42, 0.600088
2.422, 0.600053
2.423, 0.600038
2.425, 0.600023
2.426, 0.600023
2.428, 0.600038
2.429, 0.600052
2.431, 0.600085
2.432, 0.600101
2.433, 0.600115
2.435, 0.600132
2.436, 0.600133
2.438, 0.600121
2.439, 0.600109
2.441, 0.600078
2.442, 0.600062
2.444, 0.600037
2.445, 0.600031
2.447, 0.600031
2.448, 0.600037
2.45, 0.600061
2.451, 0.600076
2.453, 0.600105
2.454, 0.600116
2.455, 0.600123
2.457, 0.600125
2.458, 0.600119
2.46, 0.600098
2.461, 0.600084
2.463, 0.600057
2.464, 0.600046
2.466, 0.600034
2.467, 0.600034
2.469, 0.600046
2.47, 0.600056
2.472, 0.600082
2.473, 0.600095
2.474, 0.600106
2.476, 0.600119
2.477, 0.60012
2.479, 0.60011
2.48, 0.6001
2.482, 0.600076
2.483, 0.600064
2.485, 0.600045
2.486, 0.600039
2.488, 0.60004
2.489, 0.600045
2.491, 0.600064
2.492, 0.600075
2.494, 0.600097
2.495, 0.600106
2.496, 0.600112
2.498, 0.600113
2.499, 0.600109
2.501, 0.600092
2.502, 0.600081
2.504, 0.6
2.505, 0.59981
2.507, 0.598629
2.508, 0.597527
2.51, 0.594362
2.511, 0.592369
2.513, 0.587721
2.514, 0.585102
2.515, 0.582299
2.517, 0.576163
2.518, 0.572843
2.52, 0.565752
2.521, 0.562003
2.523, 0.554154
2.524, 0.550072
2.526, 0.541631
2.527, 0.537287
2.529, 0.528383
2.53, 0.523835
2.532, 0.514581
2.533, 0.509885
2.535, 0.500382
2.536, 0.495586
2.537, 0.490767
2.539, 0.48108
2.54, 0.476223
2.542, 0.466506
2.543, 0.461658
2.545, 0.452013
2.546, 0.447227
2.548, 0.437763
2.549, 0.4331
2.551, 0.423948
2.552, 0.419477
2.554, 0.410794
2.555, 0.406611
2.557, 0.398687
2.558, 0.395009
2.559, 0.391564
2.561, 0.385505
2.562, 0.382949
2.564, 0.378904
2.565, 0.37744
2.567, 0.375637
2.568, 0.375274
2.57, 0.375512
2.571, 0.376051
2.573, 0.377796
2.574, 0.378929
2.576, 0.381542
2.577, 0.382958
2.578, 0.384415
2.58, 0.387382
2.581, 0.388873
2.583, 0.391848
2.584, 0.393328
2.586, 0.396263
2.587, 0.397708
2.589, 0.400504
2.59, 0.401829
2.592, 0.404245
2.593, 0.405299
2.595, 0.407008
2.596, 0.407636
2.598, 0.408403
2.599, 0.408547
2.6, 0.408542
2.602, 0.408153
2.603, 0.407811
2.605, 0.406939
2.606, 0.406452
2.608, 0.405455
2.609, 0.404967
2.611, 0.404032
2.612, 0.403581
2.614, 0.402688
2.615, 0.402233
2.617, 0.40128
2.618, 0.40078
2.619, 0.400266
2.621, 0.399229
2.622, 0.398725
2.624, 0.397812
2.625, 0.39743
2.627, 0.396867
2.628, 0.396699
2.63, 0.396598
2.631, 0.396653
2.633, 0.396927
2.634, 0.397117
2.636, 0.397536
2.637, 0.397739
2.639, 0.398092
2.64, 0.398234
2.641, 0.398355
2.643, 0.39855
2.644, 0.398639
2.646, 0.398841
2.647, 0.398968
2.649, 0.399292
2.65, 0.399489
2.652, 0.399933
2.653, 0.400163
2.655, 0.400593
2.656, 0.400772
2.658, 0.40102
2.659, 0.401079
2.661, 0.401066
2.662, 0.401003
2.663, 0.400911
2.665, 0.400679
2.666, 0.400559
2.668, 0.400355
2.669, 0.400283
2.671, 0.400211
2.672, 0.400206
2.674, 0.400236
2.675, 0.400256
2.677, 0.400269
2.678, 0.40025
2.68, 0.400142
2.681, 0.400054
2.682, 0.399947
2.684, 0.399701
2.685, 0.399576
2.687, 0.399363
2.688, 0.399288
2.69, 0.399222
2.691, 0.399233
2.693, 0.399331
2.694, 0.399407
2.696, 0.399576
2.697, 0.399654
2.699, 0.399768
2.7, 0.399795
2.702, 0.399787
2.703, 0.399756
2.704, 0.399713
2.706, 0.399618
2.707, 0.399578
2.709, 0.399541
2.71, 0.399551
2.712, 0.399631
2.713, 0.399696
2.715, 0.399856
2.716, 0.399938
2.718, 0.400074
2.719, 0.400118
2.721, 0.400144
2.722, 0.400124
2.723, 0.400086
2.725, 0.399972
2.726, 0.399906
2.728, 0.399788
2.729, 0.399746
2.731, 0.399712
2.732, 0.399721
2.734, 0.399786
2.735, 0.399834
2.737, 0.399934
2.738, 0.399975
2.74, 0.400019
2.741, 0.400017
2.743, 0.399963
2.744, 0.399916
2.745, 0.399859
2.747, 0.39974
2.748, 0.399688
2.75, 0.399618
2.751, 0.399606
2.753, 0.399634
2.754, 0.399669
2.756, 0.399766
2.757, 0.399818
2.759, 0.399907
2.76, 0.399936
2.762, 0.39995
2.763, 0.399935
2.765, 0.399869
2.766, 0.399826
2.767, 0.39978
2.769, 0.399703
2.77, 0.399678
2.772, 0.399668
2.773, 0.399684
2.775, 0.39975
2.776, 0.399795
2.778, 0.399888
2.779, 0.399927
2.781, 0.399975
2.782, 0.39998
2.784, 0.39995
2.785, 0.399919
2.786, 0.39988
2.788, 0.399796
2.789, 0.399759
2.791, 0.39971
2.792, 0.399702
2.794, 0.399724
2.795, 0.39975
2.797, 0.399822
2.798, 0.399861
2.8, 0.399924
2.801, 0.399944
2.803, 0.399949
2.804, 0.399934
2.806, 0.399878
2.807, 0.399841
2.808, 0.399804
2.81, 0.399739
2.811, 0.399717
2.813, 0.399705
2.814, 0.399715
2.816, 0.399763
2.817, 0.399796
2.819, 0.399865
2.82, 0.399894
2.822, 0.39993
2.823, 0.399933
2.825, 0.39991
2.826, 0.399886
2.828, 0.399824
2.829, 0.399793
2.83, 0.399765
2.832, 0.399729
2.833, 0.399724
2.835, 0.399743
2.836, 0.399765
2.838, 0.399823
2.839, 0.399853
2.841, 0.399904
2.842, 0.39992
2.844, 0.399925
2.845, 0.399914
2.847, 0.399872
2.848, 0.399844
2.849, 0.399816
2.851, 0.399767
2.852, 0.39975
2.854, 0.399742
2.855, 0.39975
2.857, 0.399787
2.858, 0.399812
2.86, 0.399865
2.861, 0.399887
2.863, 0.399913
2.864, 0.399916
2.866, 0.399897
2.867, 0.399878
2.869, 0.399829
2.87, 0.399805
2.871, 0.399783
2.873, 0.399755
2.874, 0.399751
2.876, 0.399766
2.877, 0.399782
2.879, 0.399827
2.88, 0.39985
2.882, 0.399889
2.883, 0.399901
2.885, 0.399905
2.886, 0.399896
2.888, 0.399864
2.889, 0.399842
2.89, 0.39982
2.892, 0.399782
2.893, 0.39977
2.895, 0.399764
2.896, 0.39977
2.898, 0.3998
2.899, 0.399819
2.901, 0.39986
2.902, 0.399878
2.904, 0.399898
2.905, 0.3999
2.907, 0.399885
2.908, 0.399871
2.91, 0.399833
2.911, 0.399814
2.912, 0.399798
2.914, 0.399776
2.915, 0.399773
2.917, 0.399785
2.918, 0.399798
2.92, 0.399832
2.921, 0.39985
2.923, 0.39988
2.924, 0.39989
2.926, 0.399892
2.927, 0.399886
2.929, 0.39986
2.93, 0.399843
2.932, 0.39981
2.933, 0.399797
2.934, 0.399787
2.936, 0.399783
2.937, 0.399788
2.939, 0.399811
2.94, 0.399826
2.942, 0.399858
2.943, 0.399871
2.945, 0.399887
2.946, 0.399888
2.948, 0.399877
2.949, 0.399865
2.951, 0.399836
2.952, 0.399822
2.953, 0.399809
2.955, 0.399792
2.956, 0.39979
2.958, 0.399799
2.959, 0.399809
2.961, 0.399836
2.962, 0.399851
2.964, 0.399874
2.965, 0.399881
2.967, 0.399883
2.968, 0.399878
2.97, 0.399858
2.971, 0.399845
2.973, 0.399819
2.974, 0.399809
2.975, 0.399802
2.977, 0.399798
2.978, 0.399802
2.98, 0.39982
2.981, 0.399832
2.983, 0.399857
2.984, 0.399867
2.986, 0.39988
2.987, 0.39988
2.989, 0.399871
2.99, 0.399862
2.992, 0.39984
2.993, 0.399828
2.994, 0.399818
2.996, 0.399805
2.997, 0.399804
2.999, 0.399811
