0, 0, 0, 0, 0
0.015, 0, 0, 0, 0
0.029, 2.9226e-05, 2.9226e-05, 2.9226e-05, 2.9226e-05
0.044, 0.00242442, 0.00242442, 0.00242442, 0.00242442
0.059, 0.0117897, 0.0117897, 0.0117897, 0.0117897
0.073, 0.0258638, 0.0258638, 0.0258638, 0.0258638
0.088, 0.0424953, 0.0424953, 0.0424953, 0.0424953
0.103, 0.058713, 0.058713, 0.058713, 0.058713
0.117, 0.0729101, 0.0729101, 0.0729101, 0.0729101
0.132, 0.0867638, 0.0867638, 0.0867638, 0.0867638
0.147, 0.0990044, 0.0990044, 0.0990044, 0.0990044
0.161, 0.109038, 0.109038, 0.109038, 0.109038
0.176, 0.118676, 0.118676, 0.118676, 0.118676
0.191, 0.127447, 0.127447, 0.127447, 0.127447
0.205, 0.134954, 0.134954, 0.134954, 0.134954
0.22, 0.142305, 0.142305, 0.142305, 0.142305
0.234, 0.148542, 0.148542, 0.148542, 0.148542
0.249, 0.154596, 0.154596, 0.154596, 0.154596
0.264, 0.160044, 0.160044, 0.160044, 0.160044
0.278, 0.164622, 0.164622, 0.164622, 0.164622
0.293, 0.169023, 0.169023, 0.169023, 0.169023
0.308, 0.172944, 0.172944, 0.172944, 0.172944
0.322, 0.176205, 0.176205, 0.176205, 0.176205
0.337, 0.179309, 0.179309, 0.179309, 0.179309
0.352, 0.182046, 0.182046, 0.182046, 0.182046
0.366, 0.184301, 0.184301, 0.184301, 0.184301
0.381, 0.186428, 0.186428, 0.186428, 0.186428
0.396, 0.188287, 0.188287, 0.188287, 0.188287
0.41, 0.189807, 0.189807, 0.189807, 0.189807
0.425, 0.191229, 0.191229, 0.191229, 0.191229
0.44, 0.192463, 0.192463, 0.192463, 0.192463
0.454, 0.193464, 0.193464, 0.193464, 0.193464
0.469, 0.194396, 0.194396, 0.194396, 0.194396
0.484, 0.195199, 0.195199, 0.195199, 0.195199
0.498, 0.195847, 0.195847, 0.195847, 0.195847
0.513, 0.196447, 0.196447, 0.196447, 0.196447
0.528, 0.196962, 0.196962, 0.196962, 0.196962
0.542, 0.197375, 0.197375, 0.197375, 0.197375
0.557, 0.197757, 0.197757, 0.197757, 0.197757
0.572, 0.198083, 0.198083, 0.198083, 0.198083
0.586, 0.198344, 0.198344, 0.198344, 0.198344
0.601, 0.198584, 0.198584, 0.198584, 0.198584
0.616, 0.202012, 0.198788, 0.198788, 0.198788
0.63, 0.217529, 0.198946, 0.198946, 0.198946
0.645, 0.247058, 0.199118, 0.199118, 0.199118
0.66, 0.288375, 0.199282, 0.199282, 0.199282
0.674, 0.334179, 0.199392, 0.199392, 0.199392
0.689, 0.387111, 0.199506, 0.199506, 0.199506
0.703, 0.436211, 0.19958, 0.19958, 0.19958
0.718, 0.485144, 0.199635, 0.199635, 0.199635
0.733, 0.528275, 0.199688, 0.199688, 0.199688
0.747, 0.562748, 0.19971, 0.19971, 0.19971
0.762, 0.594166, 0.19974, 0.19974, 0.19974
0.777, 0.62145, 0.199766, 0.199766, 0.199766
0.791, 0.644427, 0.199782, 0.199782, 0.199782
0.806, 0.666615, 0.199808, 0.199808, 0.199808
0.821, 0.685942, 0.199821, 0.199821, 0.199821
0.835, 0.701526, 0.199838, 0.199838, 0.199838
0.85, 0.71593, 0.199854, 0.199854, 0.199854
0.865, 0.728286, 0.199862, 0.199862, 0.199862
0.879, 0.738211, 0.199877, 0.199877, 0.199877
0.894, 0.747352, 0.199884, 0.199884, 0.199884
0.909, 0.755157, 0.199893, 0.199893, 0.199893
0.923, 0.761406, 0.199902, 0.199902, 0.199902
0.938, 0.767147, 0.199905, 0.199905, 0.199905
0.953, 0.772041, 0.199913, 0.199913, 0.199913
0.967, 0.775957, 0.199917, 0.199917, 0.199917
0.982, 0.779559, 0.199921, 0.199921, 0.199921
0.997, 0.78263, 0.199926, 0.199926, 0.199926
1.011, 0.785086, 0.199928, 0.199928, 0.199928
1.026, 0.78734, 0.199932, 0.199932, 0.199932
1.041, 0.789256, 0.199934, 0.199934, 0.199934
1.055, 0.790785, 0.199936, 0.199936, 0.199936
1.07, 0.792185, 0.199939, 0.199939, 0.199939
1.085, 0.793373, 0.199939, 0.199939, 0.199939
1.099, 0.794318, 0.199941, 0.199941, 0.199941
1.114, 0.795182, 0.199943, 0.199943, 0.199943
1.128, 0.79587, 0.199942, 0.199942, 0.199942
1.143, 0.796497, 0.199944, 0.199944, 0.199944
1.158, 0.797029, 0.199943, 0.199943, 0.199943
1.172, 0.797451, 0.199944, 0.199944, 0.199944
1.187, 0.797836, 0.199944, 0.199944, 0.199944
1.202, 0.798162, 0.199944, 0.199944, 0.199944
1.216, 0.79842, 0.199944, 0.199944, 0.203393
1.231, 0.798652, 0.199943, 0.199943, 0.221497
1.246, 0.798865, 0.199945, 0.199945, 0.25353
1.26, 0.799042, 0.199949, 0.199949, 0.294063
1.275, 0.79919, 0.199949, 0.199949, 0.344764
1.29, 0.799324, 0.199951, 0.199951, 0.398651
1.304, 0.799418, 0.19995, 0.19995, 0.447757
1.319, 0.799497, 0.199947, 0.199947, 0.49595
1.334, 0.799568, 0.199945, 0.199945, 0.537919
1.348, 0.799612, 0.199941, 0.199941, 0.571311
1.363, 0.799661, 0.199939, 0.199939, 0.602082
1.378, 0.799701, 0.199938, 0.199938, 0.629328
1.392, 0.799731, 0.199937, 0.199937, 0.652382
1.407, 0.799766, 0.199938, 0.199938, 0.674262
1.422, 0.799789, 0.199938, 0.199938, 0.693113
1.436, 0.799812, 0.199938, 0.199938, 0.708247
1.451, 0.799832, 0.199939, 0.199939, 0.722176
1.466, 0.799847, 0.19994, 0.19994, 0.73405
1.48, 0.799863, 0.199941, 0.199941, 0.743523
1.495, 0.799875, 0.199941, 0.199941, 0.752189
1.51, 0.799886, 0.199941, 0.199941, 0.75954
1.524, 0.799895, 0.199942, 0.199942, 0.765386
1.539, 0.799902, 0.199942, 0.199942, 0.770722
1.553, 0.79991, 0.199943, 0.199943, 0.774961
1.568, 0.799915, 0.199943, 0.199943, 0.778827
1.583, 0.79992, 0.199943, 0.199943, 0.782098
1.597, 0.799925, 0.199943, 0.199943, 0.784694
1.612, 0.799927, 0.199943, 0.199943, 0.78706
1.627, 0.799931, 0.199944, 0.199944, 0.789059
1.641, 0.799933, 0.199944, 0.199944, 0.790645
1.656, 0.799935, 0.199944, 0.199944, 0.79209
1.671, 0.799938, 0.199944, 0.199944, 0.793311
1.685, 0.799939, 0.199944, 0.199944, 0.794278
1.7, 0.799941, 0.199944, 0.199944, 0.79516
1.715, 0.799942, 0.199944, 0.199944, 0.795904
1.729, 0.799942, 0.199944, 0.199944, 0.796495
1.744, 0.799943, 0.199944, 0.199944, 0.797032
1.759, 0.799942, 0.199944, 0.199944, 0.797486
1.773, 0.799943, 0.199944, 0.199944, 0.797846
1.788, 0.799943, 0.199944, 0.199944, 0.798174
1.803, 0.799943, 0.199946, 0.199946, 0.79845
1.817, 0.799943, 0.204087, 0.204087, 0.798668
1.832, 0.799942, 0.222266, 0.222266, 0.798857
1.847, 0.799942, 0.250896, 0.250896, 0.799019
1.861, 0.799941, 0.283637, 0.283637, 0.799148
1.876, 0.79994, 0.321814, 0.321814, 0.799257
1.891, 0.799939, 0.360473, 0.360473, 0.799352
1.905, 0.799938, 0.395425, 0.395425, 0.799424
1.92, 0.799937, 0.430821, 0.430821, 0.799489
1.935, 0.799936, 0.463616, 0.463616, 0.799545
1.949, 0.799934, 0.491875, 0.491875, 0.799587
1.964, 0.799933, 0.520102, 0.520102, 0.799631
1.979, 0.799933, 0.546823, 0.546823, 0.799669
1.993, 0.799932, 0.57076, 0.57076, 0.7997
2.008, 0.799932, 0.595296, 0.595296, 0.799731
2.022, 0.799932, 0.617023, 0.617023, 0.799755
2.037, 0.799933, 0.638982, 0.638982, 0.799779
2.052, 0.799933, 0.659508, 0.659508, 0.7998
2.066, 0.799933, 0.676972, 0.676972, 0.799817
2.081, 0.799934, 0.693666, 0.693666, 0.799834
2.096, 0.799935, 0.708403, 0.708403, 0.799848
2.11, 0.799935, 0.72053, 0.72053, 0.799861
2.125, 0.799936, 0.731908, 0.731908, 0.799872
2.14, 0.799937, 0.74177, 0.74177, 0.799882
2.154, 0.799938, 0.749756, 0.749756, 0.799891
2.169, 0.799939, 0.757161, 0.757161, 0.799898
2.184, 0.79994, 0.763519, 0.763519, 0.799905
2.198, 0.79994, 0.768628, 0.768628, 0.799911
2.213, 0.799941, 0.773333, 0.773333, 0.799915
2.228, 0.799941, 0.777349, 0.777349, 0.79992
2.242, 0.799941, 0.78056, 0.78056, 0.799924
2.257, 0.799942, 0.783505, 0.783505, 0.799927
2.272, 0.799942, 0.78601, 0.78601, 0.79993
2.286, 0.799942, 0.788007, 0.788007, 0.799932
2.301, 0.799942, 0.789833, 0.789833, 0.799934
2.316, 0.799942, 0.791383, 0.791383, 0.799936
2.33, 0.799942, 0.792616, 0.792616, 0.799937
2.345, 0.799942, 0.793742, 0.793742, 0.799939
2.36, 0.799942, 0.794696, 0.794696, 0.79994
2.374, 0.799942, 0.795455, 0.795455, 0.799941
2.389, 0.799942, 0.796147, 0.796147, 0.799941
2.404, 0.799935, 0.796726, 0.796726, 0.799934
2.418, 0.794549, 0.791799, 0.791799, 0.79452
2.433, 0.774611, 0.772208, 0.772208, 0.774543
2.447, 0.750978, 0.748778, 0.748778, 0.750889
2.462, 0.726002, 0.723896, 0.723896, 0.725901
2.477, 0.701141, 0.699074, 0.699074, 0.701034
2.491, 0.677778, 0.675727, 0.675727, 0.677669
2.506, 0.653008, 0.650968, 0.650968, 0.652898
2.521, 0.628899, 0.626868, 0.626868, 0.628788
2.535, 0.607117, 0.605098, 0.605098, 0.607006
2.55, 0.584544, 0.582541, 0.582541, 0.584434
2.565, 0.562737, 0.560755, 0.560755, 0.562628
2.579, 0.543069, 0.541113, 0.541113, 0.542961
2.594, 0.522729, 0.520805, 0.520805, 0.522623
2.609, 0.503116, 0.501229, 0.501229, 0.503012
2.623, 0.485424, 0.483576, 0.483576, 0.485322
2.638, 0.467082, 0.46528, 0.46528, 0.466983
2.653, 0.449344, 0.447593, 0.447593, 0.449247
2.667, 0.433315, 0.431616, 0.431616, 0.433222
2.682, 0.416698, 0.415058, 0.415058, 0.416608
2.697, 0.400653, 0.399075, 0.399075, 0.400566
2.711, 0.386195, 0.384678, 0.384678, 0.386111
2.726, 0.371262, 0.369814, 0.369814, 0.371182
2.741, 0.356915, 0.355538, 0.355538, 0.356839
2.755, 0.34406, 0.34275, 0.34275, 0.343987
2.77, 0.330869, 0.329633, 0.329633, 0.330801
2.785, 0.318297, 0.31714, 0.31714, 0.318233
2.799, 0.307285, 0.306224, 0.306224, 0.307226
2.814, 0.296454, 0.2955, 0.2955, 0.296401
2.829, 0.286535, 0.285679, 0.285679, 0.286488
2.843, 0.277985, 0.277213, 0.277213, 0.277942
2.858, 0.269534, 0.268847, 0.268847, 0.269496
2.872, 0.262306, 0.261691, 0.261691, 0.262272
2.887, 0.255249, 0.254704, 0.254704, 0.255219
2.902, 0.248861, 0.248379, 0.248379, 0.248834
2.916, 0.243461, 0.243033, 0.243033, 0.243437
2.931, 0.238236, 0.23786, 0.23786, 0.238215
2.946, 0.233551, 0.233222, 0.233222, 0.233533
2.96, 0.229632, 0.229341, 0.229341, 0.229616
2.975, 0.225879, 0.225625, 0.225625, 0.225865
2.99, 0.222549, 0.222329, 0.222329, 0.222537
3.004, 0.219795, 0.219596, 0.219596, 0.219779
3.019, 0.221322, 0.216999, 0.216999, 0.217157
3.034, 0.232836, 0.214688, 0.214688, 0.214824
3.048, 0.251285, 0.21274, 0.21274, 0.212859
3.063, 0.279362, 0.21078, 0.21078, 0.21088
3.078, 0.31563, 0.208996, 0.208996, 0.209079
3.092, 0.355109, 0.207573, 0.207573, 0.207643
3.107, 0.400876, 0.206241, 0.206241, 0.206299
3.122, 0.447124, 0.205155, 0.205155, 0.205202
3.136, 0.488332, 0.204325, 0.204325, 0.204364
3.151, 0.528597, 0.203582, 0.203582, 0.203614
3.166, 0.563986, 0.202997, 0.202997, 0.203024
3.18, 0.592654, 0.202532, 0.202532, 0.202555
3.195, 0.619291, 0.20212, 0.20212, 0.202139
3.21, 0.642574, 0.201777, 0.201777, 0.201794
3.224, 0.661906, 0.201494, 0.201494, 0.201508
3.239, 0.680179, 0.201246, 0.201246, 0.201258
3.254, 0.696126, 0.201027, 0.201027, 0.201037
3.268, 0.709192, 0.200853, 0.200853, 0.200861
3.283, 0.721521, 0.200697, 0.200697, 0.200704
3.298, 0.732335, 0.200557, 0.200557, 0.200563
3.312, 0.741205, 0.200451, 0.200451, 0.200457
3.327, 0.749528, 0.200352, 0.200352, 0.200356
3.341, 0.756304, 0.200271, 0.200271, 0.200275
3.356, 0.762619, 0.200203, 0.200203, 0.200206
3.371, 0.768069, 0.20014, 0.20014, 0.200142
3.385, 0.772468, 0.200093, 0.200093, 0.200095
3.4, 0.776537, 0.20005, 0.20005, 0.200052
3.415, 0.780024, 0.200013, 0.200013, 0.200014
3.429, 0.782823, 0.199986, 0.199986, 0.199987
3.444, 0.785399, 0.199966, 0.199966, 0.199966
3.459, 0.787595, 0.199955, 0.199955, 0.199955
3.473, 0.789349, 0.199948, 0.199948, 0.199948
3.488, 0.790951, 0.199944, 0.199944, 0.199944
3.503, 0.792313, 0.199943, 0.199943, 0.199943
3.517, 0.793404, 0.199942, 0.199942, 0.199942
3.532, 0.794402, 0.199943, 0.199943, 0.199943
3.547, 0.79525, 0.199943, 0.199943, 0.199943
3.561, 0.795925, 0.199943, 0.199943, 0.199943
3.576, 0.796542, 0.199944, 0.199944, 0.199944
3.591, 0.797065, 0.199944, 0.199944, 0.199944
3.605, 0.79748, 0.199944, 0.199944, 0.199966
3.62, 0.797857, 0.199944, 0.199944, 0.206792
3.635, 0.798175, 0.199944, 0.199944, 0.22861
3.649, 0.798454, 0.199946, 0.199946, 0.261142
3.664, 0.798709, 0.199949, 0.199949, 0.306412
3.679, 0.798912, 0.19995, 0.19995, 0.358161
3.693, 0.799084, 0.199951, 0.199951, 0.408374
3.708, 0.799217, 0.19995, 0.19995, 0.460059
3.723, 0.79933, 0.199948, 0.199948, 0.506717
3.737, 0.799417, 0.199945, 0.199945, 0.54452
3.752, 0.799484, 0.199941, 0.199941, 0.579014
3.766, 0.799549, 0.19994, 0.19994, 0.606823
3.781, 0.799603, 0.199938, 0.199938, 0.633462
3.796, 0.799651, 0.199938, 0.199938, 0.657566
3.81, 0.799695, 0.199939, 0.199939, 0.677413
3.825, 0.799727, 0.199938, 0.199938, 0.695789
3.84, 0.799762, 0.199939, 0.199939, 0.711509
3.854, 0.799787, 0.19994, 0.19994, 0.724107
3.869, 0.799809, 0.19994, 0.19994, 0.735675
3.884, 0.799832, 0.199941, 0.199941, 0.745511
3.898, 0.799846, 0.199942, 0.199942, 0.753348
3.913, 0.799863, 0.199942, 0.199942, 0.760511
3.928, 0.799876, 0.199943, 0.199943, 0.766583
3.942, 0.799884, 0.199943, 0.199943, 0.771411
3.957, 0.799896, 0.199943, 0.199943, 0.775816
3.972, 0.799902, 0.199943, 0.199943, 0.779545
3.986, 0.799909, 0.199944, 0.199944, 0.782506
4.001, 0.799916, 0.199944, 0.199944, 0.785205
4.016, 0.799919, 0.199944, 0.199944, 0.787488
4.03, 0.799925, 0.199944, 0.199944, 0.7893
4.045, 0.799928, 0.199944, 0.199944, 0.79095
4.06, 0.799931, 0.199944, 0.199944, 0.792346
4.074, 0.799934, 0.199944, 0.199944, 0.793452
4.089, 0.799935, 0.199944, 0.199944, 0.79446
4.104, 0.799938, 0.199944, 0.199944, 0.795312
4.118, 0.799939, 0.199944, 0.199944, 0.795988
4.133, 0.79994, 0.199945, 0.199945, 0.796604
4.148, 0.799942, 0.199945, 0.199945, 0.797124
4.162, 0.799942, 0.199945, 0.199945, 0.797536
4.177, 0.799943, 0.199945, 0.199945, 0.797912
4.191, 0.799943, 0.199945, 0.199945, 0.798209
4.206, 0.799942, 0.199999, 0.199999, 0.79848
4.221, 0.799943, 0.207702, 0.207702, 0.798705
4.235, 0.799942, 0.227263, 0.227263, 0.798876
4.25, 0.799941, 0.257379, 0.257379, 0.799035
4.265, 0.799941, 0.293351, 0.293351, 0.799167
4.279, 0.79994, 0.329209, 0.329209, 0.799267
4.294, 0.799939, 0.367655, 0.367655, 0.79936
4.309, 0.799938, 0.404627, 0.404627, 0.799434
4.323, 0.799936, 0.437121, 0.437121, 0.799494
4.338, 0.799935, 0.469471, 0.469471, 0.799549
4.353, 0.799934, 0.499524, 0.499524, 0.799595
4.367, 0.799934, 0.525943, 0.525943, 0.799636
4.382, 0.799933, 0.552805, 0.552805, 0.799673
4.397, 0.799933, 0.578289, 0.578289, 0.799707
4.411, 0.799933, 0.600871, 0.600871, 0.799735
4.426, 0.799932, 0.623786, 0.623786, 0.79976
4.441, 0.799933, 0.645357, 0.645357, 0.799784
4.455, 0.799933, 0.664108, 0.664108, 0.799803
4.47, 0.799933, 0.682238, 0.682238, 0.799821
4.485, 0.799934, 0.69829, 0.69829, 0.799837
4.499, 0.799935, 0.711559, 0.711559, 0.79985
4.514, 0.799936, 0.724079, 0.724079, 0.799863
4.529, 0.799937, 0.734976, 0.734976, 0.799874
4.543, 0.799937, 0.743822, 0.743822, 0.799883
4.558, 0.799938, 0.752042, 0.752042, 0.799892
4.573, 0.799939, 0.759116, 0.759116, 0.799899
4.587, 0.79994, 0.76481, 0.76481, 0.799906
4.602, 0.79994, 0.770063, 0.770063, 0.799912
4.617, 0.799941, 0.774552, 0.774552, 0.799916
4.631, 0.799941, 0.778147, 0.778147, 0.799921
4.646, 0.799941, 0.781447, 0.781447, 0.799924
4.66, 0.799941, 0.784082, 0.784082, 0.799927
4.675, 0.799942, 0.786497, 0.786497, 0.79993
4.69, 0.799942, 0.788549, 0.788549, 0.799932
4.704, 0.799942, 0.790184, 0.790184, 0.799934
4.719, 0.799942, 0.791678, 0.791678, 0.799936
4.734, 0.799942, 0.792946, 0.792946, 0.799938
4.748, 0.799942, 0.793954, 0.793954, 0.799939
4.763, 0.799942, 0.794875, 0.794875, 0.79994
4.778, 0.799942, 0.795654, 0.795654, 0.799941
4.792, 0.799942, 0.796274, 0.796274, 0.799941
4.807, 0.799818, 0.796719, 0.796719, 0.799817
4.822, 0.790357, 0.787716, 0.787716, 0.79032
4.836, 0.769683, 0.767341, 0.767341, 0.769615
4.851, 0.744294, 0.742134, 0.742134, 0.744209
4.866, 0.719459, 0.717374, 0.717374, 0.719365
4.88, 0.696216, 0.694161, 0.694161, 0.696118
4.895, 0.671216, 0.669175, 0.669175, 0.671115
4.91, 0.646602, 0.644571, 0.644571, 0.646501
4.924, 0.624275, 0.622253, 0.622253, 0.624173
4.939, 0.601128, 0.59912, 0.59912, 0.601027
4.954, 0.578763, 0.576772, 0.576772, 0.578662
4.968, 0.558575, 0.556606, 0.556606, 0.558475
4.983, 0.537679, 0.535738, 0.535738, 0.537581
4.998, 0.517536, 0.515628, 0.515628, 0.517439
5.012, 0.499381, 0.497508, 0.497508, 0.499286
5.027, 0.480574, 0.478744, 0.478744, 0.480482
5.042, 0.462393, 0.46061, 0.46061, 0.462303
5.056, 0.445963, 0.444229, 0.444229, 0.445875
5.071, 0.428922, 0.427243, 0.427243, 0.428837
5.085, 0.413534, 0.411912, 0.411912, 0.413452
5.1, 0.3976, 0.396041, 0.396041, 0.397521
5.115, 0.382241, 0.380747, 0.380747, 0.382165
5.129, 0.368427, 0.366998, 0.366998, 0.368355
5.144, 0.354195, 0.352837, 0.352837, 0.354126
5.159, 0.340558, 0.339272, 0.339272, 0.340493
5.173, 0.328376, 0.327159, 0.327159, 0.328314
5.188, 0.315937, 0.314802, 0.314802, 0.315879
5.203, 0.304361, 0.303333, 0.303333, 0.304309
5.217, 0.29446, 0.293529, 0.293529, 0.294413
5.232, 0.284701, 0.283866, 0.283866, 0.284659
5.247, 0.275709, 0.274963, 0.274963, 0.275671
5.261, 0.267978, 0.267308, 0.267308, 0.267944
5.276, 0.260398, 0.259804, 0.259804, 0.260368
5.291, 0.25352, 0.252994, 0.252994, 0.253494
5.305, 0.247694, 0.247226, 0.247226, 0.24767
5.32, 0.242044, 0.241631, 0.241631, 0.242023
5.335, 0.236964, 0.236602, 0.236602, 0.236945
5.349, 0.232702, 0.232382, 0.232382, 0.232685
5.364, 0.22861, 0.228331, 0.228331, 0.228596
5.379, 0.224972, 0.224728, 0.224728, 0.224959
5.393, 0.221949, 0.221735, 0.221735, 0.221938
5.408, 0.219252, 0.218889, 0.218889, 0.219065
5.423, 0.223503, 0.216371, 0.216371, 0.216524
5.437, 0.236195, 0.214268, 0.214268, 0.214402
5.452, 0.257919, 0.212219, 0.212219, 0.212333
5.467, 0.288303, 0.210289, 0.210289, 0.210385
5.481, 0.323703, 0.208682, 0.208682, 0.208762
5.496, 0.367083, 0.207205, 0.207205, 0.207272
5.511, 0.413282, 0.205931, 0.205931, 0.205986
5.525, 0.456173, 0.204971, 0.204971, 0.205016
5.54, 0.499507, 0.204114, 0.204114, 0.204152
5.554, 0.536065, 0.203457, 0.203457, 0.203489
5.569, 0.570463, 0.202895, 0.202895, 0.202921
5.584, 0.600129, 0.202415, 0.202415, 0.202437
5.598, 0.624181, 0.20205, 0.20205, 0.202069
5.613, 0.646896, 0.201715, 0.201715, 0.201731
5.628, 0.667017, 0.201424, 0.201424, 0.201438
5.642, 0.68354, 0.201202, 0.201202, 0.201213
5.657, 0.699061, 0.200988, 0.200988, 0.200997
5.672, 0.712635, 0.20081, 0.20081, 0.200818
5.686, 0.723796, 0.200668, 0.200668, 0.200675
5.701, 0.734328, 0.200533, 0.200533, 0.200539
5.716, 0.743536, 0.200425, 0.200425, 0.20043
5.73, 0.751055, 0.200334, 0.200334, 0.200338
5.745, 0.758077, 0.200252, 0.200252, 0.200256
5.76, 0.764151, 0.200185, 0.200185, 0.200188
5.774, 0.769063, 0.200129, 0.200129, 0.200131
5.789, 0.773613, 0.200082, 0.200082, 0.200084
5.804, 0.777519, 0.200039, 0.200039, 0.200041
5.818, 0.780658, 0.200007, 0.200007, 0.200008
5.833, 0.78355, 0.19998, 0.19998, 0.199981
5.848, 0.786019, 0.199962, 0.199962, 0.199962
5.862, 0.787993, 0.199953, 0.199953, 0.199954
5.877, 0.789802, 0.199946, 0.199946, 0.199947
5.892, 0.791335, 0.199944, 0.199944, 0.199944
5.906, 0.79256, 0.199943, 0.199943, 0.199943
5.921, 0.793686, 0.199942, 0.199942, 0.199942
5.936, 0.794642, 0.199943, 0.199943, 0.199943
5.95, 0.795404, 0.199943, 0.199943, 0.199943
5.965, 0.796099, 0.199943, 0.199943, 0.199943
5.979, 0.796653, 0.199944, 0.199944, 0.199944
5.994, 0.797159, 0.199944, 0.199944, 0.199944
6.009, 0.797587, 0.199944, 0.199944, 0.200312
6.023, 0.797924, 0.199944, 0.199944, 0.210033
6.038, 0.798235, 0.199944, 0.199944, 0.234627
6.053, 0.798528, 0.199947, 0.199947, 0.272336
6.067, 0.798752, 0.199949, 0.199949, 0.316378
6.082, 0.798951, 0.19995, 0.19995, 0.368906
6.097, 0.799124, 0.199951, 0.199951, 0.422515
6.111, 0.79924, 0.199949, 0.199949, 0.469857
6.126, 0.799351, 0.199947, 0.199947, 0.5153
6.141, 0.799435, 0.199944, 0.199944, 0.554286
6.155, 0.799498, 0.199941, 0.199941, 0.585278
6.17, 0.799566, 0.199939, 0.199939, 0.614193
6.185, 0.799615, 0.199938, 0.199938, 0.640146
6.199, 0.799662, 0.199938, 0.199938, 0.662045
6.214, 0.799704, 0.199939, 0.199939, 0.682595
6.229, 0.799736, 0.199939, 0.199939, 0.700225
6.243, 0.799769, 0.19994, 0.19994, 0.714368
6.258, 0.799792, 0.19994, 0.19994, 0.727376
6.273, 0.799816, 0.199941, 0.199941, 0.738457
6.287, 0.799836, 0.199941, 0.199941, 0.747293
6.302, 0.79985, 0.199942, 0.199942, 0.755375
6.317, 0.799867, 0.199942, 0.199942, 0.76223
6.331, 0.799877, 0.199943, 0.199943, 0.767681
6.346, 0.799888, 0.199943, 0.199943, 0.772658
6.361, 0.799898, 0.199943, 0.199943, 0.776872
6.375, 0.799903, 0.199943, 0.199943, 0.780219
6.39, 0.799912, 0.199944, 0.199944, 0.783271
6.404, 0.799916, 0.199944, 0.199944, 0.785693
6.419, 0.799921, 0.199944, 0.199944, 0.787901
6.434, 0.799926, 0.199944, 0.199944, 0.789768
6.448, 0.799928, 0.199944, 0.199944, 0.791249
6.463, 0.799932, 0.199944, 0.199944, 0.792598
6.478, 0.799934, 0.199944, 0.199944, 0.793738
6.492, 0.799936, 0.199944, 0.199944, 0.794642
6.507, 0.799938, 0.199944, 0.199944, 0.795466
6.522, 0.799939, 0.199944, 0.199944, 0.796162
6.536, 0.799941, 0.199945, 0.199945, 0.796715
6.551, 0.799942, 0.199945, 0.199945, 0.797218
6.566, 0.799942, 0.199945, 0.199945, 0.797643
6.58, 0.799943, 0.199945, 0.199945, 0.797979
6.595, 0.799943, 0.199945, 0.199945, 0.798286
6.61, 0.799943, 0.200531, 0.200531, 0.798545
6.624, 0.799943, 0.211031, 0.211031, 0.798745
6.639, 0.799941, 0.234516, 0.234516, 0.79892
6.654, 0.799941, 0.266548, 0.266548, 0.799074
6.668, 0.799941, 0.300938, 0.300938, 0.79919
6.683, 0.79994, 0.339537, 0.339537, 0.799293
6.698, 0.799939, 0.377699, 0.377699, 0.799382
6.712, 0.799937, 0.41177, 0.41177, 0.799447
6.727, 0.799936, 0.445996, 0.445996, 0.79951
6.742, 0.799935, 0.477689, 0.477689, 0.799562
6.756, 0.799934, 0.505305, 0.505305, 0.799604
6.771, 0.799933, 0.533246, 0.533246, 0.799647
6.786, 0.799933, 0.559733, 0.559733, 0.799682
6.8, 0.799933, 0.583226, 0.583226, 0.799713
6.815, 0.799933, 0.607111, 0.607111, 0.799742
6.83, 0.799933, 0.629671, 0.629671, 0.799766
6.844, 0.799933, 0.649504, 0.649504, 0.799788
6.859, 0.799933, 0.669152, 0.669152, 0.799807
6.873, 0.799934, 0.685609, 0.685609, 0.799824
6.888, 0.799934, 0.701268, 0.701268, 0.79984
6.903, 0.799935, 0.715064, 0.715064, 0.799854
6.917, 0.799936, 0.726384, 0.726384, 0.799866
6.932, 0.799937, 0.736974, 0.736974, 0.799876
6.947, 0.799938, 0.746135, 0.746135, 0.799886
6.961, 0.799938, 0.753544, 0.753544, 0.799894
6.976, 0.799939, 0.760406, 0.760406, 0.799901
6.991, 0.79994, 0.766292, 0.766292, 0.799908
7.005, 0.79994, 0.771018, 0.771018, 0.799913
7.02, 0.799941, 0.775368, 0.775368, 0.799917
7.035, 0.799941, 0.779079, 0.779079, 0.799922
7.049, 0.799941, 0.782046, 0.782046, 0.799925
7.064, 0.799942, 0.784765, 0.784765, 0.799928
7.079, 0.799942, 0.787077, 0.787077, 0.799931
7.093, 0.799942, 0.788921, 0.788921, 0.799933
7.108, 0.799942, 0.790606, 0.790606, 0.799935
7.123, 0.799942, 0.792037, 0.792037, 0.799937
7.137, 0.799942, 0.793175, 0.793175, 0.799938
7.152, 0.799942, 0.794214, 0.794214, 0.799939
7.167, 0.799942, 0.795095, 0.795095, 0.79994
7.181, 0.799942, 0.795795, 0.795795, 0.799941
7.196, 0.799942, 0.796434, 0.796434, 0.799941
7.211, 0.799007, 0.796047, 0.796047, 0.799001
7.225, 0.786584, 0.784015, 0.784015, 0.786539
7.24, 0.762915, 0.760638, 0.760638, 0.762842
7.255, 0.737632, 0.735499, 0.735499, 0.737544
7.269, 0.714499, 0.712422, 0.712422, 0.714404
7.284, 0.689541, 0.68749, 0.68749, 0.689442
7.298, 0.666247, 0.664209, 0.664209, 0.666147
7.313, 0.64176, 0.639731, 0.639731, 0.641659
7.328, 0.618024, 0.616006, 0.616006, 0.617923
7.342, 0.596594, 0.594588, 0.594588, 0.596493
7.357, 0.574381, 0.572395, 0.572395, 0.574281
7.372, 0.552928, 0.550966, 0.550966, 0.552829
7.386, 0.533591, 0.531656, 0.531656, 0.533494
7.401, 0.513595, 0.511694, 0.511694, 0.513498
7.416, 0.494303, 0.492441, 0.492441, 0.494208
7.43, 0.476889, 0.475068, 0.475068, 0.476797
7.445, 0.458829, 0.457056, 0.457056, 0.458739
7.46, 0.441362, 0.439642, 0.439642, 0.441275
7.474, 0.425583, 0.423916, 0.423916, 0.425498
7.489, 0.409229, 0.407623, 0.407623, 0.409148
7.504, 0.393448, 0.391906, 0.391906, 0.39337
7.518, 0.379238, 0.377758, 0.377758, 0.379163
7.533, 0.364574, 0.363164, 0.363164, 0.364503
7.548, 0.3505, 0.349161, 0.349161, 0.350432
7.562, 0.337903, 0.336632, 0.336632, 0.337839
7.577, 0.324993, 0.323796, 0.323796, 0.324933
7.592, 0.312753, 0.311645, 0.311645, 0.312697
7.606, 0.302168, 0.301161, 0.301161, 0.302117
7.621, 0.291778, 0.290873, 0.290873, 0.291732
7.636, 0.282231, 0.28142, 0.28142, 0.28219
7.65, 0.273999, 0.273269, 0.273269, 0.273962
7.665, 0.265886, 0.265237, 0.265237, 0.265853
7.68, 0.258497, 0.257922, 0.257922, 0.258468
7.694, 0.252225, 0.251712, 0.251712, 0.252199
7.709, 0.246129, 0.245677, 0.245677, 0.246106
7.723, 0.240983, 0.240582, 0.240582, 0.240963
7.738, 0.236013, 0.23566, 0.23566, 0.235995
7.753, 0.231564, 0.231255, 0.231255, 0.231548
7.767, 0.227848, 0.227576, 0.227576, 0.227834
7.782, 0.224295, 0.224058, 0.224058, 0.224283
7.797, 0.221147, 0.220941, 0.220941, 0.221137
7.811, 0.219228, 0.218361, 0.218361, 0.218533
7.826, 0.225575, 0.215902, 0.215902, 0.21605
7.841, 0.241168, 0.213706, 0.213706, 0.213834
7.855, 0.263299, 0.211824, 0.211824, 0.211934
7.87, 0.295373, 0.209924, 0.209924, 0.210016
7.885, 0.334819, 0.208267, 0.208267, 0.208344
7.899, 0.376202, 0.206933, 0.206933, 0.206996
7.914, 0.422575, 0.205707, 0.205707, 0.20576
7.929, 0.468075, 0.204728, 0.204728, 0.204771
7.943, 0.507689, 0.203961, 0.203961, 0.203997
7.958, 0.545724, 0.203296, 0.203296, 0.203326
7.973, 0.578813, 0.202759, 0.202759, 0.202784
7.987, 0.605552, 0.20233, 0.20233, 0.202351
8.002, 0.630514, 0.201957, 0.201957, 0.201975
8.017, 0.652511, 0.201632, 0.201632, 0.201647
8.031, 0.670736, 0.201374, 0.201374, 0.201387
8.046, 0.687887, 0.201142, 0.201142, 0.201154
8.061, 0.702858, 0.200936, 0.200936, 0.200946
8.075, 0.715143, 0.200779, 0.200779, 0.200787
8.09, 0.726743, 0.20063, 0.20063, 0.200637
8.105, 0.736907, 0.200502, 0.200502, 0.200508
8.119, 0.745231, 0.200405, 0.200405, 0.200409
8.134, 0.753027, 0.20031, 0.20031, 0.200314
8.149, 0.759785, 0.200234, 0.200234, 0.200237
8.163, 0.765262, 0.200173, 0.200173, 0.200175
8.178, 0.770344, 0.200115, 0.200115, 0.200117
8.192, 0.774443, 0.200073, 0.200073, 0.200075
8.207, 0.778231, 0.200032, 0.200032, 0.200033
8.222, 0.781474, 0.199999, 0.199999, 0.2
8.236, 0.784075, 0.199975, 0.199975, 0.199976
8.251, 0.786467, 0.19996, 0.19996, 0.19996
8.266, 0.788505, 0.199951, 0.199951, 0.199952
8.28, 0.790129, 0.199946, 0.199946, 0.199946
8.295, 0.791613, 0.199944, 0.199944, 0.199944
8.31, 0.792879, 0.199943, 0.199943, 0.199943
8.324, 0.79389, 0.199942, 0.199942, 0.199942
8.339, 0.794815, 0.199943, 0.199943, 0.199943
8.354, 0.795601, 0.199943, 0.199943, 0.199943
8.368, 0.796225, 0.199944, 0.199944, 0.199944
8.383, 0.796796, 0.199944, 0.199944, 0.199944
8.398, 0.79728, 0.199944, 0.199944, 0.199944
8.412, 0.797664, 0.199944, 0.199944, 0.20118
8.427, 0.79801, 0.199944, 0.199944, 0.215242
8.442, 0.798316, 0.199945, 0.199945, 0.243484
8.456, 0.798582, 0.199948, 0.199948, 0.281189
8.471, 0.798807, 0.199949, 0.199949, 0.330012
8.486, 0.799002, 0.199951, 0.199951, 0.383292
8.5, 0.799152, 0.199951, 0.199951, 0.432974
8.515, 0.79927, 0.199949, 0.199949, 0.482575
8.53, 0.799377, 0.199947, 0.199947, 0.526334
8.544, 0.799449, 0.199943, 0.199943, 0.561328
8.559, 0.799517, 0.19994, 0.19994, 0.593354
8.574, 0.799581, 0.199939, 0.199939, 0.621358
8.588, 0.799624, 0.199938, 0.199938, 0.645044
8.603, 0.799675, 0.199938, 0.199938, 0.667826
8.617, 0.79971, 0.199938, 0.199938, 0.686344
8.632, 0.799743, 0.199939, 0.199939, 0.703432
8.647, 0.799776, 0.19994, 0.19994, 0.718041
8.661, 0.799797, 0.19994, 0.19994, 0.729738
8.676, 0.799821, 0.199941, 0.199941, 0.740465
8.691, 0.79984, 0.199942, 0.199942, 0.749579
8.705, 0.799853, 0.199942, 0.199942, 0.756838
8.72, 0.79987, 0.199943, 0.199943, 0.76347
8.735, 0.79988, 0.199943, 0.199943, 0.76909
8.749, 0.79989, 0.199943, 0.199943, 0.773558
8.764, 0.799899, 0.199943, 0.199943, 0.777634
8.779, 0.799905, 0.199943, 0.199943, 0.781083
8.793, 0.799913, 0.199944, 0.199944, 0.783822
8.808, 0.799917, 0.199944, 0.199944, 0.786318
8.823, 0.799922, 0.199944, 0.199944, 0.78843
8.837, 0.799927, 0.199944, 0.199944, 0.790105
8.852, 0.799929, 0.199944, 0.199944, 0.791631
8.867, 0.799933, 0.199944, 0.199944, 0.792921
8.881, 0.799934, 0.199944, 0.199944, 0.793944
8.896, 0.799936, 0.199944, 0.199944, 0.794876
8.911, 0.799939, 0.199944, 0.199944, 0.795663
8.925, 0.799939, 0.199944, 0.199944, 0.796288
8.94, 0.799941, 0.199945, 0.199945, 0.796857
8.955, 0.799942, 0.199945, 0.199945, 0.797338
8.969, 0.799942, 0.199945, 0.199945, 0.797719
8.984, 0.799943, 0.199945, 0.199945, 0.798066
8.999, 0.799942, 0.199945, 0.199945, 0.798359
9.013, 0.799943, 0.20162, 0.20162, 0.798591
9.028, 0.799942, 0.216244, 0.216244, 0.798794
9.043, 0.799941, 0.242375, 0.242375, 0.798963
9.057, 0.799941, 0.273657, 0.273657, 0.799101
9.072, 0.79994, 0.311161, 0.311161, 0.799219
9.086, 0.799939, 0.34726, 0.34726, 0.799312
9.101, 0.799938, 0.38515, 0.38515, 0.799397
9.116, 0.799937, 0.421145, 0.421145, 0.799464
9.13, 0.799936, 0.452532, 0.452532, 0.799521
9.145, 0.799935, 0.48375, 0.48375, 0.799571
9.16, 0.799934, 0.512908, 0.512908, 0.799616
9.174, 0.799933, 0.538655, 0.538655, 0.799655
9.189, 0.799933, 0.564866, 0.564866, 0.799689
9.204, 0.799933, 0.589724, 0.589724, 0.799722
9.218, 0.799933, 0.61173, 0.61173, 0.799747
9.233, 0.799933, 0.634022, 0.634022, 0.799771
9.248, 0.799933, 0.654931, 0.654931, 0.799794
9.262, 0.799933, 0.672835, 0.672835, 0.799811
9.277, 0.799934, 0.689977, 0.689977, 0.799829
9.292, 0.799935, 0.705123, 0.705123, 0.799844
9.306, 0.799935, 0.717613, 0.717613, 0.799856
9.321, 0.799936, 0.729357, 0.729357, 0.799869
9.336, 0.799937, 0.73955, 0.73955, 0.799879
9.35, 0.799938, 0.747811, 0.747811, 0.799888
9.365, 0.799939, 0.755477, 0.755477, 0.799896
9.38, 0.799939, 0.762066, 0.762066, 0.799903
9.394, 0.79994, 0.767364, 0.767364, 0.799909
9.409, 0.79994, 0.772246, 0.772246, 0.799914
9.424, 0.799941, 0.776416, 0.776416, 0.799919
9.438, 0.799941, 0.779753, 0.779753, 0.799922
9.453, 0.799941, 0.782814, 0.782814, 0.799926
9.468, 0.799942, 0.785419, 0.785419, 0.799929
9.482, 0.799942, 0.787496, 0.787496, 0.799931
9.497, 0.799942, 0.789398, 0.789398, 0.799933
9.511, 0.799942, 0.790912, 0.790912, 0.799935
9.526, 0.799942, 0.792296, 0.792296, 0.799937
9.541, 0.799942, 0.793469, 0.793469, 0.799938
9.555, 0.799942, 0.794403, 0.794403, 0.79994
9.57, 0.799942, 0.795255, 0.795255, 0.799941
9.585, 0.799942, 0.795976, 0.795976, 0.799941
9.599, 0.799942, 0.79655, 0.79655, 0.799941
9.614, 0.797592, 0.794727, 0.794727, 0.797578
9.629, 0.78089, 0.778411, 0.778411, 0.780836
9.643, 0.757805, 0.755567, 0.755567, 0.757727
9.658, 0.732665, 0.730548, 0.730548, 0.732575
9.673, 0.707868, 0.705801, 0.705801, 0.707772
9.687, 0.684533, 0.682486, 0.682486, 0.684434
9.702, 0.659654, 0.657618, 0.657618, 0.659554
9.717, 0.635352, 0.633326, 0.633326, 0.635251
9.731, 0.613374, 0.611358, 0.611358, 0.613272
9.746, 0.590596, 0.588595, 0.588595, 0.590495
9.761, 0.568586, 0.566606, 0.566606, 0.568486
9.775, 0.548729, 0.546772, 0.546772, 0.54863
9.79, 0.528187, 0.526261, 0.526261, 0.52809
9.805, 0.508383, 0.506492, 0.506492, 0.508288
9.819, 0.490524, 0.488671, 0.488671, 0.49043
9.834, 0.472014, 0.470205, 0.470205, 0.471922
9.849, 0.454114, 0.452355, 0.452355, 0.454025
9.863, 0.437939, 0.43623, 0.43623, 0.437852
9.878, 0.421166, 0.419515, 0.419515, 0.421082
9.893, 0.404965, 0.403376, 0.403376, 0.404885
9.907, 0.390361, 0.388832, 0.388832, 0.390283
9.922, 0.37527, 0.373809, 0.373809, 0.375196
9.936, 0.361712, 0.360316, 0.360316, 0.361641
9.951, 0.347756, 0.346432, 0.346432, 0.347689
9.966, 0.334401, 0.333149, 0.333149, 0.334337
9.98, 0.322485, 0.321303, 0.321303, 0.322425
9.995, 0.31041, 0.309323, 0.309323, 0.310355
10.01, 0.299306, 0.298328, 0.298328, 0.299256
10.024, 0.289805, 0.28892, 0.28892, 0.28976
10.039, 0.280413, 0.27962, 0.27962, 0.280373
10.054, 0.271764, 0.271057, 0.271057, 0.271728
10.068, 0.264351, 0.263717, 0.263717, 0.264319
10.083, 0.257104, 0.256542, 0.256542, 0.257075
10.098, 0.250538, 0.250042, 0.250042, 0.250513
10.112, 0.244984, 0.244542, 0.244542, 0.244961
10.127, 0.239604, 0.239216, 0.239216, 0.239585
10.142, 0.234777, 0.234437, 0.234437, 0.23476
10.156, 0.230734, 0.230433, 0.230433, 0.230718
10.171, 0.226858, 0.226596, 0.226596, 0.226845
10.186, 0.223417, 0.223189, 0.223189, 0.223406
10.2, 0.220563, 0.220363, 0.220363, 0.220553
10.215, 0.219894, 0.217677, 0.217677, 0.217842
10.23, 0.228904, 0.215292, 0.215292, 0.215435
10.244, 0.245283, 0.213293, 0.213293, 0.213417
10.259, 0.271023, 0.211303, 0.211303, 0.211408
10.274, 0.30526, 0.209454, 0.209454, 0.209541
10.288, 0.343395, 0.207968, 0.207968, 0.208041
10.303, 0.388491, 0.206582, 0.206582, 0.206642
10.318, 0.434904, 0.205425, 0.205425, 0.205475
10.332, 0.476851, 0.204554, 0.204554, 0.204595
10.347, 0.51831, 0.203766, 0.203766, 0.203801
10.362, 0.555027, 0.203145, 0.203145, 0.203173
10.376, 0.58486, 0.202661, 0.202661, 0.202685
10.391, 0.612546, 0.202223, 0.202223, 0.202243
10.405, 0.635125, 0.201889, 0.201889, 0.201907
10.42, 0.656603, 0.201572, 0.201572, 0.201587
10.435, 0.67554, 0.201309, 0.201309, 0.201322
10.449, 0.691045, 0.201099, 0.201099, 0.20111
10.464, 0.705619, 0.2009, 0.2009, 0.200909
10.479, 0.718386, 0.200738, 0.200738, 0.200746
10.493, 0.728885, 0.200602, 0.200602, 0.200608
10.508, 0.738781, 0.20048, 0.20048, 0.200486
10.523, 0.747418, 0.200378, 0.200378, 0.200383
10.537, 0.754457, 0.200293, 0.200293, 0.200297
10.552, 0.761022, 0.200221, 0.200221, 0.200224
10.567, 0.766692, 0.200156, 0.200156, 0.200158
10.581, 0.771272, 0.200105, 0.200105, 0.200108
10.596, 0.775511, 0.200062, 0.200062, 0.200064
10.611, 0.779146, 0.200022, 0.200022, 0.200023
10.625, 0.782064, 0.199993, 0.199993, 0.199995
10.64, 0.784751, 0.19997, 0.19997, 0.199971
10.655, 0.787043, 0.199957, 0.199957, 0.199958
10.669, 0.788875, 0.19995, 0.19995, 0.19995
10.684, 0.790549, 0.199945, 0.199945, 0.199945
10.699, 0.79197, 0.199944, 0.199944, 0.199944
10.713, 0.793109, 0.199942, 0.199942, 0.199942
10.728, 0.794152, 0.199942, 0.199942, 0.199942
10.743, 0.795037, 0.199943, 0.199943, 0.199943
10.757, 0.795743, 0.199943, 0.199943, 0.199943
10.772, 0.796387, 0.199944, 0.199944, 0.199944
10.787, 0.796933, 0.199944, 0.199944, 0.199944
10.801, 0.797368, 0.199944, 0.199944, 0.199944
10.816, 0.797763, 0.199944, 0.199944, 0.203407
10.83, 0.798073, 0.199944, 0.199944, 0.219797
10.845, 0.798375, 0.199945, 0.199945, 0.25073
10.86, 0.798648, 0.199949, 0.199949, 0.293531
10.874, 0.798847, 0.199949, 0.199949, 0.340453
10.889, 0.799038, 0.199951, 0.199951, 0.394075
10.904, 0.799186, 0.19995, 0.19995, 0.446678
10.918, 0.799292, 0.199948, 0.199948, 0.491837
10.933, 0.799395, 0.199946, 0.199946, 0.534302
10.948, 0.799466, 0.199942, 0.199942, 0.57036
10.962, 0.799531, 0.19994, 0.19994, 0.599222
10.977, 0.799591, 0.199939, 0.199939, 0.62661
10.992, 0.799638, 0.199938, 0.199938, 0.651407
11.006, 0.799684, 0.199938, 0.199938, 0.672017
11.021, 0.799719, 0.199938, 0.199938, 0.691164
11.036, 0.799753, 0.199939, 0.199939, 0.707556
11.05, 0.799781, 0.19994, 0.19994, 0.720696
11.065, 0.799803, 0.19994, 0.19994, 0.732771
11.08, 0.799827, 0.199941, 0.199941, 0.743043
11.094, 0.799842, 0.199942, 0.199942, 0.75123
11.109, 0.799858, 0.199942, 0.199942, 0.758715
11.124, 0.799873, 0.199943, 0.199943, 0.765061
11.138, 0.799881, 0.199943, 0.199943, 0.770107
11.153, 0.799893, 0.199943, 0.199943, 0.774712
11.168, 0.799901, 0.199943, 0.199943, 0.778611
11.182, 0.799907, 0.199944, 0.199944, 0.781707
11.197, 0.799915, 0.199944, 0.199944, 0.784529
11.212, 0.799918, 0.199944, 0.199944, 0.786917
11.226, 0.799923, 0.199944, 0.199944, 0.788811
11.241, 0.799927, 0.199944, 0.199944, 0.790537
11.255, 0.799929, 0.199944, 0.199944, 0.791906
11.27, 0.799933, 0.199944, 0.199944, 0.793154
11.285, 0.799935, 0.199944, 0.199944, 0.794208
11.299, 0.799937, 0.199944, 0.199944, 0.795044
11.314, 0.799939, 0.199944, 0.199944, 0.795806
11.329, 0.79994, 0.199944, 0.199944, 0.796449
11.343, 0.799942, 0.199945, 0.199945, 0.79696
11.358, 0.799942, 0.199945, 0.199945, 0.797425
11.373, 0.799942, 0.199945, 0.199945, 0.797818
11.387, 0.799943, 0.199945, 0.199945, 0.798129
11.402, 0.799942, 0.199945, 0.199945, 0.798412
11.417, 0.799943, 0.204116, 0.204116, 0.79865
11.431, 0.799942, 0.220688, 0.220688, 0.79883
11.446, 0.799941, 0.248626, 0.248626, 0.798994
11.461, 0.799941, 0.283388, 0.283388, 0.799135
11.475, 0.79994, 0.318882, 0.318882, 0.79924
11.49, 0.799939, 0.357502, 0.357502, 0.799337
11.505, 0.799938, 0.394964, 0.394964, 0.799416
11.519, 0.799937, 0.42806, 0.42806, 0.799477
11.534, 0.799936, 0.461088, 0.461088, 0.799536
11.549, 0.799934, 0.491705, 0.491705, 0.799583
11.563, 0.799934, 0.518536, 0.518536, 0.799625
11.578, 0.799933, 0.54578, 0.54578, 0.799664
11.593, 0.799933, 0.571625, 0.571625, 0.799698
11.607, 0.799933, 0.594537, 0.594537, 0.799728
11.622, 0.799932, 0.617805, 0.617805, 0.799753
11.637, 0.799933, 0.639739, 0.639739, 0.799778
11.651, 0.799933, 0.658917, 0.658917, 0.799798
11.666, 0.799933, 0.677612, 0.677612, 0.799816
11.681, 0.799934, 0.694203, 0.694203, 0.799833
11.695, 0.799935, 0.707929, 0.707929, 0.799847
11.71, 0.799935, 0.720905, 0.720905, 0.79986
11.724, 0.799936, 0.731515, 0.731515, 0.799871
11.739, 0.799937, 0.741416, 0.741416, 0.799881
11.754, 0.799938, 0.749969, 0.749969, 0.79989
11.768, 0.799939, 0.756877, 0.756877, 0.799897
11.783, 0.79994, 0.763266, 0.763266, 0.799904
11.798, 0.79994, 0.768742, 0.768742, 0.79991
11.812, 0.799941, 0.773134, 0.773134, 0.799915
11.827, 0.799941, 0.777174, 0.777174, 0.799919
11.842, 0.799941, 0.780618, 0.780618, 0.799923
11.856, 0.799941, 0.78337, 0.78337, 0.799926
11.871, 0.799942, 0.785891, 0.785891, 0.799929
11.886, 0.799942, 0.788034, 0.788034, 0.799932
11.9, 0.799942, 0.789742, 0.789742, 0.799934
11.915, 0.799942, 0.791303, 0.791303, 0.799936
11.93, 0.799942, 0.792628, 0.792628, 0.799937
11.944, 0.799942, 0.793682, 0.793682, 0.799939
11.959, 0.799942, 0.794644, 0.794644, 0.79994
11.974, 0.799942, 0.795459, 0.795459, 0.799941
11.988, 0.799942, 0.796107, 0.796107, 0.799941
12.003, 0.79994, 0.796696, 0.796696, 0.79994
12.018, 0.794552, 0.791805, 0.791805, 0.794525
12.032, 0.776238, 0.77382, 0.77382, 0.776177
12.047, 0.751018, 0.748824, 0.748824, 0.750936
12.062, 0.726061, 0.723962, 0.723962, 0.725969
12.076, 0.702881, 0.700819, 0.700819, 0.702784
12.091, 0.677865, 0.675821, 0.675821, 0.677765
12.106, 0.653104, 0.651071, 0.651071, 0.653003
12.12, 0.630583, 0.628559, 0.628559, 0.630482
12.135, 0.607223, 0.605211, 0.605211, 0.607122
12.149, 0.586133, 0.584136, 0.584136, 0.586032
12.164, 0.564275, 0.5623, 0.5623, 0.564176
12.179, 0.543177, 0.541228, 0.541228, 0.543079
12.193, 0.524169, 0.522249, 0.522249, 0.524072
12.208, 0.504507, 0.502624, 0.502624, 0.504412
12.223, 0.485527, 0.483685, 0.483685, 0.485433
12.237, 0.468386, 0.466587, 0.466587, 0.468295
12.252, 0.450605, 0.448857, 0.448857, 0.450517
12.267, 0.43341, 0.431716, 0.431716, 0.433324
12.281, 0.41788, 0.416241, 0.416241, 0.417797
12.296, 0.401794, 0.400217, 0.400217, 0.401714
12.311, 0.38628, 0.384769, 0.384769, 0.386204
12.325, 0.372322, 0.370874, 0.370874, 0.372249
12.34, 0.357932, 0.356555, 0.356555, 0.357863
12.355, 0.344136, 0.342831, 0.342831, 0.34407
12.369, 0.331802, 0.330566, 0.330566, 0.33174
12.384, 0.319183, 0.318024, 0.318024, 0.319125
12.399, 0.307349, 0.306291, 0.306291, 0.307295
12.413, 0.297205, 0.296247, 0.296247, 0.297156
12.428, 0.287225, 0.286366, 0.286366, 0.287182
12.443, 0.278035, 0.277266, 0.277266, 0.277996
12.457, 0.270122, 0.269431, 0.269431, 0.270086
12.472, 0.262349, 0.261735, 0.261735, 0.262318
12.487, 0.255288, 0.254745, 0.254745, 0.25526
12.501, 0.249303, 0.248819, 0.248819, 0.249278
12.516, 0.243493, 0.243066, 0.243066, 0.243471
12.531, 0.238265, 0.23789, 0.23789, 0.238246
12.545, 0.233874, 0.233543, 0.233543, 0.233857
12.56, 0.229656, 0.229366, 0.229366, 0.229641
12.574, 0.226137, 0.225882, 0.225882, 0.226124
12.589, 0.222778, 0.222556, 0.222556, 0.222767
12.604, 0.219812, 0.219614, 0.219614, 0.219797
12.618, 0.220907, 0.217178, 0.217178, 0.217338
12.633, 0.231806, 0.214847, 0.214847, 0.214986
12.648, 0.251294, 0.212752, 0.212752, 0.212871
12.662, 0.277224, 0.210917, 0.210917, 0.211019
12.677, 0.312995, 0.209115, 0.209115, 0.209199
12.692, 0.355107, 0.20758, 0.20758, 0.20765
12.706, 0.397771, 0.206329, 0.206329, 0.206387
12.721, 0.444077, 0.205225, 0.205225, 0.205273
12.736, 0.488324, 0.204329, 0.204329, 0.204368
12.75, 0.526051, 0.203629, 0.203629, 0.203662
12.765, 0.561773, 0.203036, 0.203036, 0.203063
12.78, 0.592646, 0.202534, 0.202534, 0.202558
12.794, 0.617622, 0.202147, 0.202147, 0.202166
12.809, 0.641103, 0.201801, 0.201801, 0.201818
12.824, 0.661901, 0.201496, 0.201496, 0.20151
12.838, 0.679031, 0.201262, 0.201262, 0.201275
12.853, 0.695125, 0.201042, 0.201042, 0.201052
12.868, 0.709189, 0.200854, 0.200854, 0.200862
12.882, 0.720745, 0.200708, 0.200708, 0.200715
12.897, 0.731655, 0.200566, 0.200566, 0.200573
12.912, 0.741202, 0.200452, 0.200452, 0.200457
12.926, 0.749006, 0.200359, 0.200359, 0.200363
12.941, 0.756302, 0.200272, 0.200272, 0.200276
12.956, 0.762617, 0.200203, 0.200203, 0.200206
12.97, 0.767728, 0.200144, 0.200144, 0.200146
12.985, 0.772467, 0.200093, 0.200093, 0.200096
13, 0.776536, 0.200051, 0.200051, 0.200052
13.014, 0.779807, 0.200015, 0.200015, 0.200016
13.029, 0.782823, 0.199986, 0.199986, 0.199988
13.043, 0.785239, 0.199967, 0.199967, 0.199967
13.058, 0.787459, 0.199956, 0.199956, 0.199956
13.073, 0.789349, 0.199948, 0.199948, 0.199948
13.087, 0.790851, 0.199944, 0.199944, 0.199944
13.102, 0.792228, 0.199943, 0.199943, 0.199944
13.117, 0.793404, 0.199942, 0.199942, 0.199942
13.131, 0.79434, 0.199943, 0.199943, 0.199943
13.146, 0.795198, 0.199943, 0.199943, 0.199943
13.161, 0.795925, 0.199943, 0.199943, 0.199943
13.175, 0.796503, 0.199944, 0.199944, 0.199944
13.19, 0.797032, 0.199944, 0.199944, 0.199944
13.205, 0.79748, 0.199944, 0.199944, 0.199966
13.219, 0.797834, 0.199944, 0.199944, 0.205842
13.234, 0.798155, 0.199944, 0.199944, 0.226726
13.249, 0.798453, 0.199946, 0.199946, 0.261142
13.263, 0.798694, 0.199949, 0.199949, 0.303145
13.278, 0.798899, 0.19995, 0.19995, 0.354596
13.293, 0.799084, 0.199951, 0.199951, 0.408375
13.307, 0.799209, 0.19995, 0.19995, 0.456747
13.322, 0.799322, 0.199948, 0.199948, 0.503798
13.337, 0.799417, 0.199945, 0.199945, 0.54452
13.351, 0.799479, 0.199941, 0.199941, 0.576885
13.366, 0.799549, 0.19994, 0.19994, 0.606823
13.381, 0.799603, 0.199938, 0.199938, 0.633462
13.395, 0.799648, 0.199938, 0.199938, 0.656046
13.41, 0.799695, 0.199939, 0.199939, 0.677414
13.425, 0.799727, 0.199938, 0.199938, 0.695789
13.439, 0.79976, 0.199939, 0.199939, 0.710537
13.454, 0.799787, 0.19994, 0.19994, 0.724107
13.468, 0.799808, 0.19994, 0.19994, 0.734961
13.483, 0.799831, 0.199941, 0.199941, 0.744904
13.498, 0.799846, 0.199942, 0.199942, 0.753348
13.512, 0.799861, 0.199942, 0.199942, 0.760069
13.527, 0.799875, 0.199943, 0.199943, 0.766209
13.542, 0.799884, 0.199943, 0.199943, 0.771411
13.556, 0.799895, 0.199943, 0.199943, 0.775545
13.571, 0.799902, 0.199943, 0.199943, 0.779315
13.586, 0.799909, 0.199944, 0.199944, 0.782506
13.6, 0.799915, 0.199944, 0.199944, 0.785039
13.615, 0.799919, 0.199944, 0.199944, 0.787348
13.63, 0.799925, 0.199944, 0.199944, 0.7893
13.644, 0.799927, 0.199944, 0.199944, 0.790849
13.659, 0.799931, 0.199944, 0.199944, 0.79226
13.674, 0.799934, 0.199944, 0.199944, 0.793452
13.688, 0.799935, 0.199944, 0.199944, 0.794398
13.703, 0.799938, 0.199944, 0.199944, 0.79526
13.718, 0.799939, 0.199944, 0.199944, 0.795988
13.732, 0.79994, 0.199945, 0.199945, 0.796566
13.747, 0.799942, 0.199945, 0.199945, 0.797092
13.762, 0.799942, 0.199945, 0.199945, 0.797536
13.776, 0.799943, 0.199945, 0.199945, 0.797888
13.791, 0.799943, 0.199945, 0.199945, 0.798209
13.806, 0.799942, 0.199999, 0.199999, 0.79848
13.82, 0.799943, 0.20671, 0.20671, 0.798692
13.835, 0.799942, 0.227263, 0.227263, 0.798876
13.85, 0.799941, 0.257379, 0.257379, 0.799035
13.864, 0.799941, 0.290842, 0.290842, 0.79916
13.879, 0.79994, 0.32921, 0.32921, 0.799267
13.894, 0.799939, 0.367655, 0.367655, 0.79936
13.908, 0.799938, 0.402226, 0.402226, 0.79943
13.923, 0.799936, 0.437121, 0.437121, 0.799494
13.937, 0.799935, 0.467391, 0.467391, 0.799546
13.952, 0.799934, 0.497582, 0.497582, 0.799592
13.967, 0.799934, 0.525944, 0.525944, 0.799636
13.981, 0.799933, 0.551058, 0.551058, 0.799671
13.996, 0.799933, 0.576632, 0.576632, 0.799704
14.011, 0.799933, 0.600871, 0.600871, 0.799735
14.025, 0.799932, 0.6223, 0.6223, 0.799758
14.04, 0.799933, 0.643962, 0.643962, 0.799783
14.055, 0.799933, 0.664109, 0.664109, 0.799803
14.069, 0.799933, 0.681096, 0.681096, 0.799819
14.084, 0.799934, 0.697281, 0.697281, 0.799836
14.099, 0.799935, 0.711559, 0.711559, 0.79985
14.113, 0.799936, 0.723297, 0.723297, 0.799862
14.128, 0.799937, 0.734297, 0.734297, 0.799874
14.143, 0.799937, 0.743822, 0.743822, 0.799883
14.157, 0.799938, 0.751532, 0.751532, 0.799892
14.172, 0.799939, 0.758677, 0.758677, 0.799899
14.187, 0.79994, 0.76481, 0.76481, 0.799906
14.201, 0.79994, 0.769738, 0.769738, 0.799911
14.216, 0.799941, 0.774275, 0.774275, 0.799916
14.231, 0.799941, 0.778147, 0.778147, 0.799921
14.245, 0.799941, 0.781243, 0.781243, 0.799924
14.26, 0.799941, 0.784082, 0.784082, 0.799927
14.275, 0.799942, 0.786497, 0.786497, 0.79993
14.289, 0.799942, 0.788422, 0.788422, 0.799932
14.304, 0.799942, 0.790184, 0.790184, 0.799934
14.319, 0.799942, 0.791678, 0.791678, 0.799936
14.333, 0.799942, 0.792867, 0.792867, 0.799938
14.348, 0.799942, 0.793954, 0.793954, 0.799939
14.362, 0.799942, 0.794818, 0.794818, 0.79994
14.377, 0.799942, 0.795606, 0.795606, 0.799941
14.392, 0.799942, 0.796274, 0.796274, 0.799941
14.406, 0.799884, 0.796748, 0.796748, 0.799883
14.421, 0.791502, 0.788835, 0.788835, 0.791467
14.436, 0.769683, 0.767341, 0.767341, 0.769615
14.45, 0.745969, 0.743801, 0.743801, 0.745884
14.465, 0.721111, 0.719022, 0.719022, 0.721017
14.48, 0.696216, 0.694161, 0.694161, 0.696118
14.494, 0.672876, 0.670834, 0.670834, 0.672775
14.509, 0.648223, 0.646191, 0.646191, 0.648122
14.524, 0.624275, 0.622253, 0.622253, 0.624173
14.538, 0.602647, 0.600637, 0.600637, 0.602546
14.553, 0.58023, 0.578238, 0.578238, 0.58013
14.568, 0.558575, 0.556606, 0.556606, 0.558475
14.582, 0.539049, 0.537106, 0.537106, 0.538951
14.597, 0.518856, 0.516946, 0.516946, 0.518759
14.612, 0.499381, 0.497508, 0.497508, 0.499286
14.626, 0.481808, 0.479975, 0.479975, 0.481715
14.641, 0.463586, 0.4618, 0.4618, 0.463496
14.656, 0.445963, 0.444229, 0.444229, 0.445875
14.67, 0.43004, 0.428358, 0.428358, 0.429955
14.685, 0.413534, 0.411912, 0.411912, 0.413452
14.7, 0.3976, 0.396041, 0.396041, 0.397521
14.714, 0.383247, 0.381749, 0.381749, 0.383171
14.729, 0.368427, 0.366998, 0.366998, 0.368355
14.744, 0.354195, 0.352837, 0.352837, 0.354126
14.758, 0.341448, 0.340158, 0.340158, 0.341383
14.773, 0.328376, 0.327159, 0.327159, 0.328314
14.787, 0.316743, 0.315602, 0.315602, 0.316685
14.802, 0.305101, 0.304065, 0.304065, 0.305048
14.817, 0.29446, 0.293529, 0.293529, 0.294413
14.831, 0.285327, 0.284486, 0.284486, 0.285284
14.846, 0.276286, 0.275534, 0.275534, 0.276247
14.861, 0.267978, 0.267308, 0.267308, 0.267944
14.875, 0.260881, 0.260282, 0.260282, 0.260851
14.89, 0.253958, 0.253427, 0.253427, 0.253931
14.905, 0.247694, 0.247226, 0.247226, 0.24767
14.919, 0.242402, 0.241986, 0.241986, 0.242381
14.934, 0.237285, 0.23692, 0.23692, 0.237267
14.949, 0.232702, 0.232382, 0.232382, 0.232685
14.963, 0.228869, 0.228587, 0.228587, 0.228854
14.978, 0.225201, 0.224955, 0.224955, 0.225189
14.993, 0.221949, 0.221735, 0.221735, 0.221938
15.007, 0.21935, 0.219068, 0.219068, 0.219246
15.022, 0.222896, 0.21653, 0.21653, 0.216685
15.037, 0.236195, 0.214268, 0.214268, 0.214402
15.051, 0.256204, 0.212352, 0.212352, 0.212467
15.066, 0.286015, 0.210413, 0.210413, 0.21051
15.081, 0.323703, 0.208682, 0.208682, 0.208762
15.095, 0.364068, 0.207298, 0.207298, 0.207365
15.11, 0.41018, 0.206009, 0.206009, 0.206064
15.125, 0.456173, 0.204971, 0.204971, 0.205016
15.139, 0.49674, 0.204167, 0.204167, 0.204205
15.154, 0.536065, 0.203457, 0.203457, 0.203489
15.169, 0.570463, 0.202895, 0.202895, 0.202921
15.183, 0.598286, 0.202444, 0.202444, 0.202466
15.198, 0.624181, 0.20205, 0.20205, 0.202069
15.213, 0.646896, 0.201715, 0.201715, 0.201731
15.227, 0.665755, 0.201442, 0.201442, 0.201455
15.242, 0.68354, 0.201202, 0.201202, 0.201213
15.256, 0.69809, 0.201001, 0.201001, 0.201011
15.271, 0.711785, 0.200821, 0.200821, 0.200829
15.286, 0.723796, 0.200668, 0.200668, 0.200675
15.3, 0.733669, 0.200541, 0.200541, 0.200547
15.315, 0.742961, 0.200432, 0.200432, 0.200437
15.33, 0.751055, 0.200334, 0.200334, 0.200338
15.344, 0.75764, 0.200257, 0.200257, 0.200261
15.359, 0.763773, 0.20019, 0.20019, 0.200193
15.374, 0.769063, 0.200129, 0.200129, 0.200131
15.388, 0.773331, 0.200085, 0.200085, 0.200087
15.403, 0.777277, 0.200042, 0.200042, 0.200044
15.418, 0.780658, 0.200007, 0.200007, 0.200008
15.432, 0.783371, 0.199982, 0.199982, 0.199983
15.447, 0.785866, 0.199963, 0.199963, 0.199963
15.462, 0.787993, 0.199953, 0.199953, 0.199954
15.476, 0.789691, 0.199947, 0.199947, 0.199947
15.491, 0.79124, 0.199944, 0.199944, 0.199944
15.506, 0.79256, 0.199943, 0.199943, 0.199943
15.52, 0.793617, 0.199942, 0.199942, 0.199942
15.535, 0.794583, 0.199943, 0.199943, 0.199943
15.55, 0.795404, 0.199943, 0.199943, 0.199943
15.564, 0.796057, 0.199943, 0.199943, 0.199943
15.579, 0.796653, 0.199944, 0.199944, 0.199944
15.594, 0.797159, 0.199944, 0.199944, 0.199944
15.608, 0.797561, 0.199944, 0.199944, 0.200159
15.623, 0.797924, 0.199944, 0.199944, 0.210033
15.638, 0.798235, 0.199944, 0.199944, 0.234627
15.652, 0.79851, 0.199947, 0.199947, 0.269469
15.667, 0.798752, 0.199949, 0.199949, 0.316378
15.681, 0.798938, 0.19995, 0.19995, 0.365318
15.696, 0.799115, 0.199951, 0.199951, 0.418999
15.711, 0.79924, 0.199949, 0.199949, 0.469857
15.725, 0.799344, 0.199947, 0.199947, 0.512468
15.74, 0.799431, 0.199944, 0.199944, 0.551886
15.755, 0.799498, 0.199941, 0.199941, 0.585278
15.769, 0.799562, 0.199939, 0.199939, 0.612371
15.784, 0.799612, 0.199938, 0.199938, 0.638491
15.799, 0.799662, 0.199938, 0.199938, 0.662045
15.813, 0.799702, 0.199939, 0.199939, 0.68132
15.828, 0.799734, 0.199939, 0.199939, 0.699133
15.843, 0.799769, 0.19994, 0.19994, 0.714368
15.857, 0.799791, 0.19994, 0.19994, 0.726572
15.872, 0.799814, 0.199941, 0.199941, 0.737773
15.887, 0.799836, 0.199941, 0.199941, 0.747293
15.901, 0.799849, 0.199942, 0.199942, 0.754876
15.916, 0.799866, 0.199942, 0.199942, 0.761807
15.931, 0.799877, 0.199943, 0.199943, 0.767681
15.945, 0.799887, 0.199943, 0.199943, 0.772352
15.96, 0.799898, 0.199943, 0.199943, 0.776612
15.975, 0.799903, 0.199943, 0.199943, 0.780219
15.989, 0.799911, 0.199944, 0.199944, 0.783083
16.004, 0.799916, 0.199944, 0.199944, 0.785693
16.019, 0.799921, 0.199944, 0.199944, 0.787901
16.033, 0.799926, 0.199944, 0.199944, 0.789653
16.048, 0.799928, 0.199944, 0.199944, 0.791249
16.063, 0.799932, 0.199944, 0.199944, 0.792598
16.077, 0.799934, 0.199944, 0.199944, 0.793668
16.092, 0.799936, 0.199944, 0.199944, 0.794642
16.106, 0.799938, 0.199944, 0.199944, 0.795415
16.121, 0.799939, 0.199944, 0.199944, 0.79612
16.136, 0.799941, 0.199945, 0.199945, 0.796715
16.15, 0.799942, 0.199945, 0.199945, 0.797187
16.165, 0.799942, 0.199945, 0.199945, 0.797616
16.18, 0.799943, 0.199945, 0.199945, 0.797979
16.194, 0.799943, 0.199945, 0.199945, 0.798267
16.209, 0.799943, 0.200314, 0.200314, 0.798529
16.224, 0.799943, 0.211031, 0.211031, 0.798745
16.238, 0.799942, 0.232643, 0.232643, 0.798909
16.253, 0.799941, 0.264221, 0.264221, 0.799064
16.268, 0.799941, 0.300938, 0.300938, 0.79919
16.282, 0.79994, 0.336957, 0.336957, 0.799287
16.297, 0.799939, 0.3752, 0.3752, 0.799376
16.312, 0.799937, 0.41177, 0.41177, 0.799447
16.326, 0.799936, 0.443795, 0.443795, 0.799506
16.341, 0.799935, 0.475649, 0.475649, 0.799559
16.356, 0.799934, 0.505305, 0.505305, 0.799604
16.37, 0.799933, 0.53143, 0.53143, 0.799645
16.385, 0.799933, 0.55801, 0.55801, 0.79968
16.4, 0.799933, 0.583226, 0.583226, 0.799713
16.414, 0.799933, 0.60556, 0.60556, 0.79974
16.429, 0.799933, 0.628209, 0.628209, 0.799765
16.444, 0.799933, 0.649504, 0.649504, 0.799788
16.458, 0.799933, 0.667906, 0.667906, 0.799806
16.473, 0.799934, 0.685609, 0.685609, 0.799824
16.488, 0.799934, 0.701268, 0.701268, 0.79984
16.502, 0.799935, 0.714199, 0.714199, 0.799853
16.517, 0.799936, 0.726384, 0.726384, 0.799866
16.532, 0.799937, 0.736974, 0.736974, 0.799876
16.546, 0.799938, 0.745565, 0.745565, 0.799885
16.561, 0.799938, 0.753544, 0.753544, 0.799894
16.575, 0.799939, 0.759981, 0.759981, 0.7999
16.59, 0.79994, 0.765927, 0.765927, 0.799907
16.605, 0.79994, 0.771018, 0.771018, 0.799913
16.619, 0.799941, 0.775099, 0.775099, 0.799917
16.634, 0.799941, 0.77885, 0.77885, 0.799921
16.649, 0.799941, 0.782046, 0.782046, 0.799925
16.663, 0.799942, 0.784597, 0.784597, 0.799928
16.678, 0.799942, 0.786935, 0.786935, 0.799931
16.693, 0.799942, 0.788921, 0.788921, 0.799933
16.707, 0.799942, 0.790502, 0.790502, 0.799935
16.722, 0.799942, 0.791949, 0.791949, 0.799936
16.737, 0.799942, 0.793175, 0.793175, 0.799938
16.751, 0.799942, 0.79415, 0.79415, 0.799939
16.766, 0.799942, 0.795041, 0.795041, 0.79994
16.781, 0.799942, 0.795795, 0.795795, 0.799941
16.795, 0.799942, 0.796395, 0.796395, 0.799941
16.81, 0.799314, 0.79632, 0.79632, 0.799311
16.825, 0.786584, 0.784015, 0.784015, 0.786539
16.839, 0.764616, 0.762324, 0.762324, 0.764544
16.854, 0.739292, 0.737153, 0.737153, 0.739205
16.869, 0.714499, 0.712422, 0.712422, 0.714404
16.883, 0.69121, 0.689158, 0.689158, 0.691111
16.898, 0.666247, 0.664209, 0.664209, 0.666147
16.913, 0.64176, 0.639731, 0.639731, 0.641659
16.927, 0.619581, 0.617562, 0.617562, 0.61948
16.942, 0.596594, 0.594588, 0.594588, 0.596493
16.957, 0.574381, 0.572395, 0.572395, 0.574281
16.971, 0.554335, 0.552371, 0.552371, 0.554236
16.986, 0.533591, 0.531656, 0.531656, 0.533494
17, 0.514905, 0.513002, 0.513002, 0.514809
17.015, 0.495568, 0.493703, 0.493703, 0.495473
17.03, 0.476889, 0.475068, 0.475068, 0.476797
17.044, 0.460014, 0.458238, 0.458238, 0.459924
17.059, 0.442509, 0.440785, 0.440785, 0.442421
17.074, 0.425583, 0.423916, 0.423916, 0.425498
17.088, 0.410302, 0.408691, 0.408691, 0.41022
17.103, 0.394482, 0.392936, 0.392936, 0.394404
17.118, 0.379238, 0.377758, 0.377758, 0.379163
17.132, 0.365534, 0.364119, 0.364119, 0.365462
17.147, 0.35142, 0.350076, 0.350076, 0.351351
17.162, 0.337903, 0.336632, 0.336632, 0.337839
17.176, 0.325835, 0.324632, 0.324632, 0.325774
17.191, 0.313543, 0.312428, 0.312428, 0.313486
17.206, 0.302168, 0.301161, 0.301161, 0.302117
17.22, 0.292443, 0.291532, 0.291532, 0.292396
17.235, 0.282844, 0.282027, 0.282027, 0.282802
17.25, 0.273999, 0.273269, 0.273269, 0.273962
17.264, 0.266404, 0.26575, 0.26575, 0.266371
17.279, 0.258968, 0.258387, 0.258387, 0.258938
17.294, 0.252225, 0.251712, 0.251712, 0.252199
17.308, 0.246516, 0.24606, 0.24606, 0.246493
17.323, 0.240983, 0.240582, 0.240582, 0.240963
17.338, 0.236013, 0.23566, 0.23566, 0.235995
17.352, 0.231845, 0.231534, 0.231534, 0.231829
17.367, 0.227848, 0.227576, 0.227576, 0.227834
17.382, 0.224295, 0.224058, 0.224058, 0.224283
17.396, 0.221345, 0.221137, 0.221137, 0.221335
17.411, 0.219228, 0.218361, 0.218361, 0.218533
17.426, 0.225575, 0.215902, 0.215902, 0.21605
17.44, 0.23987, 0.213845, 0.213845, 0.213974
17.455, 0.263299, 0.211824, 0.211824, 0.211934
17.469, 0.292983, 0.210044, 0.210044, 0.210138
17.484, 0.332004, 0.208369, 0.208369, 0.208447
17.499, 0.376202, 0.206933, 0.206933, 0.206996
17.513, 0.419481, 0.205781, 0.205781, 0.205834
17.528, 0.46512, 0.204788, 0.204788, 0.204832
17.543, 0.507689, 0.203961, 0.203961, 0.203997
17.557, 0.543343, 0.203336, 0.203336, 0.203366
17.572, 0.576757, 0.202793, 0.202793, 0.202818
17.587, 0.605552, 0.20233, 0.20233, 0.202351
17.601, 0.62895, 0.20198, 0.20198, 0.201998
17.616, 0.651124, 0.201652, 0.201652, 0.201668
17.631, 0.670736, 0.201374, 0.201374, 0.201387
17.645, 0.686815, 0.201157, 0.201157, 0.201168
17.66, 0.701921, 0.200949, 0.200949, 0.200958
17.675, 0.715143, 0.200779, 0.200779, 0.200787
17.689, 0.726016, 0.200639, 0.200639, 0.200646
17.704, 0.736271, 0.20051, 0.20051, 0.200515
17.719, 0.745231, 0.200405, 0.200405, 0.200409
17.733, 0.752541, 0.200316, 0.200316, 0.20032
17.748, 0.759364, 0.200239, 0.200239, 0.200242
17.763, 0.765262, 0.200173, 0.200173, 0.200175
17.777, 0.770029, 0.200118, 0.200118, 0.200121
17.792, 0.774443, 0.200073, 0.200073, 0.200075
17.807, 0.778231, 0.200032, 0.200032, 0.200033
17.821, 0.781273, 0.200001, 0.200001, 0.200002
17.836, 0.784075, 0.199975, 0.199975, 0.199976
17.851, 0.786467, 0.19996, 0.19996, 0.19996
17.865, 0.788379, 0.199952, 0.199952, 0.199952
17.88, 0.790129, 0.199946, 0.199946, 0.199946
17.894, 0.791521, 0.199944, 0.199944, 0.199944
17.909, 0.7928, 0.199943, 0.199943, 0.199943
17.924, 0.79389, 0.199942, 0.199942, 0.199942
17.938, 0.794758, 0.199943, 0.199943, 0.199943
17.953, 0.795552, 0.199943, 0.199943, 0.199943
17.968, 0.796225, 0.199944, 0.199944, 0.199944
17.982, 0.796761, 0.199944, 0.199944, 0.199944
17.997, 0.79725, 0.199944, 0.199944, 0.199944
18.012, 0.797664, 0.199944, 0.199944, 0.20118
18.026, 0.797989, 0.199944, 0.199944, 0.213847
18.041, 0.798296, 0.199944, 0.199944, 0.241182
18.056, 0.798582, 0.199948, 0.199948, 0.281189
18.07, 0.798793, 0.199949, 0.199949, 0.32657
18.085, 0.798989, 0.199951, 0.199951, 0.379693
18.1, 0.799152, 0.199951, 0.199951, 0.432974
18.114, 0.799262, 0.199949, 0.199949, 0.479434
18.129, 0.799371, 0.199947, 0.199947, 0.52362
18.144, 0.799449, 0.199943, 0.199943, 0.561328
18.158, 0.799512, 0.19994, 0.19994, 0.591363
18.173, 0.799577, 0.199939, 0.199939, 0.619585
18.188, 0.799624, 0.199938, 0.199938, 0.645044
18.202, 0.799671, 0.199938, 0.199938, 0.666402
18.217, 0.79971, 0.199938, 0.199938, 0.686344
18.232, 0.799743, 0.199939, 0.199939, 0.703432
18.246, 0.799774, 0.19994, 0.19994, 0.717137
18.261, 0.799797, 0.19994, 0.19994, 0.729738
18.276, 0.799821, 0.199941, 0.199941, 0.740465
18.29, 0.799839, 0.199942, 0.199942, 0.749017
18.305, 0.799853, 0.199942, 0.199942, 0.756838
18.319, 0.799869, 0.199943, 0.199943, 0.763061
18.334, 0.799879, 0.199943, 0.199943, 0.768744
18.349, 0.79989, 0.199943, 0.199943, 0.773558
18.363, 0.799899, 0.199943, 0.199943, 0.777383
18.378, 0.799905, 0.199943, 0.199943, 0.780871
18.393, 0.799913, 0.199944, 0.199944, 0.783822
18.407, 0.799917, 0.199944, 0.199944, 0.786165
18.422, 0.799922, 0.199944, 0.199944, 0.7883
18.437, 0.799927, 0.199944, 0.199944, 0.790105
18.451, 0.799929, 0.199944, 0.199944, 0.791537
18.466, 0.799932, 0.199944, 0.199944, 0.792841
18.481, 0.799934, 0.199944, 0.199944, 0.793944
18.495, 0.799936, 0.199944, 0.199944, 0.794818
18.51, 0.799939, 0.199944, 0.199944, 0.795615
18.525, 0.799939, 0.199944, 0.199944, 0.796288
18.539, 0.799941, 0.199945, 0.199945, 0.796822
18.554, 0.799942, 0.199945, 0.199945, 0.797308
18.569, 0.799942, 0.199945, 0.199945, 0.797719
18.583, 0.799943, 0.199945, 0.199945, 0.798045
18.598, 0.799942, 0.199945, 0.199945, 0.798341
18.613, 0.799943, 0.20162, 0.20162, 0.798591
18.627, 0.799942, 0.214862, 0.214862, 0.798782
18.642, 0.799941, 0.240358, 0.240358, 0.798952
18.657, 0.799941, 0.273657, 0.273657, 0.799101
18.671, 0.79994, 0.308596, 0.308596, 0.799212
18.686, 0.799939, 0.34726, 0.34726, 0.799312
18.701, 0.799938, 0.38515, 0.38515, 0.799397
18.715, 0.799937, 0.418817, 0.418817, 0.79946
18.73, 0.799936, 0.452532, 0.452532, 0.799521
18.745, 0.799935, 0.48375, 0.48375, 0.799571
18.759, 0.799934, 0.511018, 0.511018, 0.799613
18.774, 0.799933, 0.538655, 0.538655, 0.799655
18.788, 0.799933, 0.563161, 0.563161, 0.799687
18.803, 0.799933, 0.588108, 0.588108, 0.799719
18.818, 0.799933, 0.61173, 0.61173, 0.799747
18.832, 0.799933, 0.632578, 0.632578, 0.79977
18.847, 0.799933, 0.653586, 0.653586, 0.799793
18.862, 0.799933, 0.672835, 0.672835, 0.799811
18.876, 0.799934, 0.688898, 0.688898, 0.799828
18.891, 0.799934, 0.704171, 0.704171, 0.799843
18.906, 0.799935, 0.717613, 0.717613, 0.799856
18.92, 0.799936, 0.728624, 0.728624, 0.799868
18.935, 0.799937, 0.738915, 0.738915, 0.799878
18.95, 0.799938, 0.747811, 0.747811, 0.799888
18.964, 0.799939, 0.755001, 0.755001, 0.799895
18.979, 0.799939, 0.761657, 0.761657, 0.799902
18.994, 0.79994, 0.767364, 0.767364, 0.799909
19.008, 0.79994, 0.771944, 0.771944, 0.799913
19.023, 0.799941, 0.776159, 0.776159, 0.799918
19.038, 0.799941, 0.779753, 0.779753, 0.799922
19.052, 0.799941, 0.782625, 0.782625, 0.799925
19.067, 0.799942, 0.785258, 0.785258, 0.799929
19.082, 0.799942, 0.787496, 0.787496, 0.799931
19.096, 0.799942, 0.78928, 0.78928, 0.799933
19.111, 0.799942, 0.790912, 0.790912, 0.799935
19.126, 0.799942, 0.792296, 0.792296, 0.799937
19.14, 0.799942, 0.793397, 0.793397, 0.799938
19.155, 0.799942, 0.794403, 0.794403, 0.79994
19.17, 0.799942, 0.795255, 0.795255, 0.799941
19.184, 0.799942, 0.795932, 0.795932, 0.799941
19.199, 0.799942, 0.79655, 0.79655, 0.799941
19.213, 0.798147, 0.795252, 0.795252, 0.798136
19.228, 0.782374, 0.779873, 0.779873, 0.782322
19.243, 0.757805, 0.755567, 0.755567, 0.757727
19.257, 0.734319, 0.732196, 0.732196, 0.734229
19.272, 0.709528, 0.707458, 0.707458, 0.709432
19.287, 0.684533, 0.682486, 0.682486, 0.684434
19.301, 0.661299, 0.659262, 0.659262, 0.661198
19.316, 0.636949, 0.634922, 0.634922, 0.636848
19.331, 0.613374, 0.611358, 0.611358, 0.613272
19.345, 0.59209, 0.590088, 0.590088, 0.591989
19.36, 0.57003, 0.568048, 0.568048, 0.56993
19.375, 0.548729, 0.546772, 0.546772, 0.54863
19.389, 0.529533, 0.527605, 0.527605, 0.529436
19.404, 0.509681, 0.507788, 0.507788, 0.509586
19.419, 0.490524, 0.488671, 0.488671, 0.49043
19.433, 0.473228, 0.471417, 0.471417, 0.473137
19.448, 0.455289, 0.453526, 0.453526, 0.4552
19.463, 0.437939, 0.43623, 0.43623, 0.437852
19.477, 0.422266, 0.420611, 0.420611, 0.422182
19.492, 0.406027, 0.404434, 0.404434, 0.405947
19.507, 0.390361, 0.388832, 0.388832, 0.390283
19.521, 0.376258, 0.374792, 0.374792, 0.376184
19.536, 0.361712, 0.360316, 0.360316, 0.361641
19.551, 0.347756, 0.346432, 0.346432, 0.347689
19.565, 0.335272, 0.334016, 0.334016, 0.335209
19.58, 0.322485, 0.321303, 0.321303, 0.322425
19.595, 0.31041, 0.309323, 0.309323, 0.310355
19.609, 0.300015, 0.29903, 0.29903, 0.299965
19.624, 0.289805, 0.28892, 0.28892, 0.28976
19.638, 0.281016, 0.280217, 0.280217, 0.280975
19.653, 0.272317, 0.271605, 0.271605, 0.272281
19.668, 0.264351, 0.263717, 0.263717, 0.264319
19.682, 0.257565, 0.256999, 0.256999, 0.257536
19.697, 0.250956, 0.250455, 0.250455, 0.25093
19.712, 0.244984, 0.244542, 0.244542, 0.244961
19.726, 0.239945, 0.239554, 0.239554, 0.239926
19.741, 0.235082, 0.234739, 0.234739, 0.235065
19.756, 0.230734, 0.230433, 0.230433, 0.230718
19.77, 0.227103, 0.226838, 0.226838, 0.227089
19.785, 0.223634, 0.223403, 0.223403, 0.223622
19.8, 0.220563, 0.220363, 0.220363, 0.220553
19.814, 0.219654, 0.217846, 0.217846, 0.218013
19.829, 0.228013, 0.215443, 0.215443, 0.215587
19.844, 0.245283, 0.213293, 0.213293, 0.213417
19.858, 0.269034, 0.211432, 0.211432, 0.211539
19.873, 0.302741, 0.209569, 0.209569, 0.209658
19.888, 0.343395, 0.207968, 0.207968, 0.208041
19.902, 0.385408, 0.206668, 0.206668, 0.206729
19.917, 0.431831, 0.205494, 0.205494, 0.205544
19.932, 0.476851, 0.204554, 0.204554, 0.204595
19.946, 0.515687, 0.203814, 0.203814, 0.203848
19.961, 0.552735, 0.203182, 0.203182, 0.203211
19.976, 0.58486, 0.202661, 0.202661, 0.202685
19.99, 0.610822, 0.202249, 0.202249, 0.202269
20.005, 0.635125, 0.201889, 0.201889, 0.201907
20.02, 0.656603, 0.201572, 0.201572, 0.201587
20.034, 0.674355, 0.201325, 0.201325, 0.201338
20.049, 0.691045, 0.201099, 0.201099, 0.20111
20.064, 0.705619, 0.2009, 0.2009, 0.200909
20.078, 0.717586, 0.200748, 0.200748, 0.200756
20.093, 0.728885, 0.200602, 0.200602, 0.200608
20.107, 0.738162, 0.200487, 0.200487, 0.200493
20.122, 0.746879, 0.200385, 0.200385, 0.200389
20.137, 0.754457, 0.200293, 0.200293, 0.200297
20.151, 0.760614, 0.200225, 0.200225, 0.200228
20.166, 0.76634, 0.20016, 0.20016, 0.200163
20.181, 0.771272, 0.200105, 0.200105, 0.200108
20.195, 0.775248, 0.200065, 0.200065, 0.200067
20.21, 0.778921, 0.200024, 0.200024, 0.200026
20.225, 0.782064, 0.199993, 0.199993, 0.199995
20.239, 0.784584, 0.199971, 0.199971, 0.199972
20.254, 0.786901, 0.199958, 0.199958, 0.199958
20.269, 0.788875, 0.19995, 0.19995, 0.19995
20.283, 0.790446, 0.199945, 0.199945, 0.199945
20.298, 0.791882, 0.199944, 0.199944, 0.199944
20.313, 0.793109, 0.199942, 0.199942, 0.199942
20.327, 0.794087, 0.199942, 0.199942, 0.199942
20.342, 0.794983, 0.199943, 0.199943, 0.199943
20.357, 0.795743, 0.199943, 0.199943, 0.199943
20.371, 0.796347, 0.199944, 0.199944, 0.199944
20.386, 0.7969, 0.199944, 0.199944, 0.199944
20.401, 0.797368, 0.199944, 0.199944, 0.199944
20.415, 0.797739, 0.199944, 0.199944, 0.202737
20.43, 0.798073, 0.199944, 0.199944, 0.219797
20.445, 0.798375, 0.199945, 0.199945, 0.25073
20.459, 0.798632, 0.199949, 0.199949, 0.290392
20.474, 0.798847, 0.199949, 0.199949, 0.340453
20.489, 0.799038, 0.199951, 0.199951, 0.394075
20.503, 0.799178, 0.199951, 0.199951, 0.44328
20.518, 0.799292, 0.199948, 0.199948, 0.491837
20.532, 0.799389, 0.199946, 0.199946, 0.531675
20.547, 0.799462, 0.199942, 0.199942, 0.568139
20.562, 0.799531, 0.19994, 0.19994, 0.599222
20.576, 0.799587, 0.199939, 0.199939, 0.624871
20.591, 0.799634, 0.199938, 0.199938, 0.649835
20.606, 0.799684, 0.199938, 0.199938, 0.672017
20.62, 0.799717, 0.199938, 0.199938, 0.689978
20.635, 0.79975, 0.199939, 0.199939, 0.706541
20.65, 0.799781, 0.19994, 0.19994, 0.720696
20.664, 0.799801, 0.19994, 0.19994, 0.732025
20.679, 0.799826, 0.199941, 0.199941, 0.742409
20.694, 0.799842, 0.199942, 0.199942, 0.75123
20.708, 0.799857, 0.199942, 0.199942, 0.758253
20.723, 0.799872, 0.199943, 0.199943, 0.76467
20.738, 0.799881, 0.199943, 0.199943, 0.770107
20.752, 0.799892, 0.199943, 0.199943, 0.774429
20.767, 0.7999, 0.199943, 0.199943, 0.77837
20.782, 0.799907, 0.199944, 0.199944, 0.781707
20.796, 0.799914, 0.199944, 0.199944, 0.784355
20.811, 0.799918, 0.199944, 0.199944, 0.78677
20.826, 0.799923, 0.199944, 0.199944, 0.788811
20.84, 0.799927, 0.199944, 0.199944, 0.790431
20.855, 0.799929, 0.199944, 0.199944, 0.791906
20.87, 0.799933, 0.199944, 0.199944, 0.793154
20.884, 0.799935, 0.199944, 0.199944, 0.794143
20.899, 0.799937, 0.199944, 0.199944, 0.795044
20.914, 0.799939, 0.199944, 0.199944, 0.795806
20.928, 0.79994, 0.199944, 0.199944, 0.79641
20.943, 0.799942, 0.199945, 0.199945, 0.79696
20.957, 0.799942, 0.199945, 0.199945, 0.797396
20.972, 0.799942, 0.199945, 0.199945, 0.797793
20.987, 0.799943, 0.199945, 0.199945, 0.798129
21.001, 0.799942, 0.199945, 0.199945, 0.798395
21.016, 0.799943, 0.203385, 0.203385, 0.798636
21.031, 0.799942, 0.220688, 0.220688, 0.79883
21.045, 0.799941, 0.246511, 0.246511, 0.798984
21.06, 0.799941, 0.280931, 0.280931, 0.799127
21.075, 0.79994, 0.318882, 0.318882, 0.79924
21.089, 0.799939, 0.354949, 0.354949, 0.799331
21.104, 0.799938, 0.392524, 0.392524, 0.799411
21.119, 0.799937, 0.42806, 0.42806, 0.799477
21.133, 0.799936, 0.458966, 0.458966, 0.799532
21.148, 0.799934, 0.489729, 0.489729, 0.79958
21.163, 0.799934, 0.518536, 0.518536, 0.799625
21.177, 0.799933, 0.544008, 0.544008, 0.799662
21.192, 0.799933, 0.569944, 0.569944, 0.799696
21.207, 0.799933, 0.594537, 0.594537, 0.799728
21.221, 0.799933, 0.616295, 0.616295, 0.799752
21.236, 0.799933, 0.638319, 0.638319, 0.799776
21.251, 0.799933, 0.658917, 0.658917, 0.799798
21.265, 0.799933, 0.676432, 0.676432, 0.799815
21.28, 0.799934, 0.693159, 0.693159, 0.799832
21.295, 0.799935, 0.707929, 0.707929, 0.799847
21.309, 0.799935, 0.720093, 0.720093, 0.799859
21.324, 0.799936, 0.731515, 0.731515, 0.799871
21.339, 0.799937, 0.741416, 0.741416, 0.799881
21.353, 0.799938, 0.749437, 0.749437, 0.79989
21.368, 0.799939, 0.756877, 0.756877, 0.799897
21.383, 0.79994, 0.763266, 0.763266, 0.799904
21.397, 0.79994, 0.768402, 0.768402, 0.79991
21.412, 0.799941, 0.773134, 0.773134, 0.799915
21.426, 0.799941, 0.776924, 0.776924, 0.799919
21.441, 0.799941, 0.780405, 0.780405, 0.799923
21.456, 0.799941, 0.78337, 0.78337, 0.799926
21.47, 0.799942, 0.785735, 0.785735, 0.799929
21.485, 0.799942, 0.787902, 0.787902, 0.799932
21.5, 0.799942, 0.789742, 0.789742, 0.799934
21.514, 0.799942, 0.791207, 0.791207, 0.799936
21.529, 0.799942, 0.792546, 0.792546, 0.799937
21.544, 0.799942, 0.793682, 0.793682, 0.799939
21.558, 0.799942, 0.794584, 0.794584, 0.79994
21.573, 0.799942, 0.795409, 0.795409, 0.799941
21.588, 0.799942, 0.796107, 0.796107, 0.799941
21.602, 0.799942, 0.796661, 0.796661, 0.799941
21.617, 0.795429, 0.792653, 0.792653, 0.795405
21.632, 0.776238, 0.77382, 0.77382, 0.776177
21.646, 0.75271, 0.750505, 0.750505, 0.752629
21.661, 0.727711, 0.725608, 0.725608, 0.72762
21.676, 0.702881, 0.700819, 0.700819, 0.702784
21.69, 0.679531, 0.677486, 0.677486, 0.679431
21.705, 0.654737, 0.652703, 0.652703, 0.654636
21.72, 0.630583, 0.628559, 0.628559, 0.630482
21.734, 0.608755, 0.606742, 0.606742, 0.608654
21.749, 0.586133, 0.584136, 0.584136, 0.586032
21.764, 0.564275, 0.5623, 0.5623, 0.564176
21.778, 0.54456, 0.542609, 0.542609, 0.544461
21.793, 0.524169, 0.522249, 0.522249, 0.524072
21.808, 0.504507, 0.502624, 0.502624, 0.504412
21.822, 0.486772, 0.484927, 0.484927, 0.486678
21.837, 0.468386, 0.466587, 0.466587, 0.468295
21.851, 0.451772, 0.45002, 0.45002, 0.451683
21.866, 0.434538, 0.432841, 0.432841, 0.434452
21.881, 0.41788, 0.416241, 0.416241, 0.417797
21.895, 0.402848, 0.401267, 0.401267, 0.402768
21.91, 0.387296, 0.385781, 0.385781, 0.38722
21.925, 0.372322, 0.370874, 0.370874, 0.372249
21.939, 0.358873, 0.357491, 0.357491, 0.358803
21.954, 0.345037, 0.343727, 0.343727, 0.34497
21.969, 0.331802, 0.330566, 0.330566, 0.33174
21.983, 0.320004, 0.318838, 0.318838, 0.319945
21.998, 0.308107, 0.307042, 0.307042, 0.308053
22.013, 0.297205, 0.296247, 0.296247, 0.297156
22.027, 0.287865, 0.286999, 0.286999, 0.287821
22.042, 0.278625, 0.27785, 0.27785, 0.278585
22.057, 0.270122, 0.269431, 0.269431, 0.270086
22.071, 0.262845, 0.262226, 0.262226, 0.262813
22.086, 0.255737, 0.255189, 0.255189, 0.25571
22.101, 0.249303, 0.248819, 0.248819, 0.249278
22.115, 0.243862, 0.243432, 0.243432, 0.24384
22.13, 0.238596, 0.238218, 0.238218, 0.238577
22.145, 0.233874, 0.233543, 0.233543, 0.233857
22.159, 0.229922, 0.229629, 0.229629, 0.229907
22.174, 0.226137, 0.225882, 0.225882, 0.226124
22.189, 0.222778, 0.222556, 0.222556, 0.222767
22.203, 0.219995, 0.219798, 0.219798, 0.219983
22.218, 0.220907, 0.217178, 0.217178, 0.217338
22.233, 0.231806, 0.214847, 0.214847, 0.214986
22.247, 0.249734, 0.212886, 0.212886, 0.213006
22.262, 0.277224, 0.210917, 0.210917, 0.211019
22.277, 0.312995, 0.209115, 0.209115, 0.209199
22.291, 0.352152, 0.207676, 0.207676, 0.207747
22.306, 0.397771, 0.206329, 0.206329, 0.206387
22.32, 0.441028, 0.205291, 0.205291, 0.205339
22.335, 0.485481, 0.204384, 0.204384, 0.204424
22.35, 0.526051, 0.203629, 0.203629, 0.203662
22.364, 0.559546, 0.203072, 0.203072, 0.203099
22.379, 0.590728, 0.202565, 0.202565, 0.202589
22.394, 0.617622, 0.202147, 0.202147, 0.202166
22.408, 0.639626, 0.201823, 0.201823, 0.20184
22.423, 0.660594, 0.201514, 0.201514, 0.201529
22.438, 0.679031, 0.201262, 0.201262, 0.201275
22.452, 0.694119, 0.201056, 0.201056, 0.201066
22.467, 0.708308, 0.200865, 0.200865, 0.200874
22.482, 0.720745, 0.200708, 0.200708, 0.200715
22.496, 0.730972, 0.200575, 0.200575, 0.200581
22.511, 0.740605, 0.200459, 0.200459, 0.200464
22.526, 0.749006, 0.200359, 0.200359, 0.200363
22.54, 0.755848, 0.200277, 0.200277, 0.200281
22.555, 0.762224, 0.200207, 0.200207, 0.20021
22.57, 0.767728, 0.200144, 0.200144, 0.200146
22.584, 0.772172, 0.200096, 0.200096, 0.200099
22.599, 0.776284, 0.200053, 0.200053, 0.200055
22.614, 0.779807, 0.200015, 0.200015, 0.200016
22.628, 0.782636, 0.199988, 0.199988, 0.199989
22.643, 0.785239, 0.199967, 0.199967, 0.199967
22.658, 0.787459, 0.199956, 0.199956, 0.199956
22.672, 0.789232, 0.199948, 0.199948, 0.199949
22.687, 0.790851, 0.199944, 0.199944, 0.199944
22.702, 0.792228, 0.199943, 0.199943, 0.199944
22.716, 0.793331, 0.199942, 0.199942, 0.199942
22.731, 0.79434, 0.199943, 0.199943, 0.199943
22.745, 0.795145, 0.199943, 0.199943, 0.199943
22.76, 0.79588, 0.199943, 0.199943, 0.199943
22.775, 0.796503, 0.199944, 0.199944, 0.199944
22.789, 0.797, 0.199944, 0.199944, 0.199944
22.804, 0.797452, 0.199944, 0.199944, 0.199951
22.819, 0.797834, 0.199944, 0.199944, 0.205842
22.833, 0.798134, 0.199944, 0.199944, 0.224902
22.848, 0.798434, 0.199946, 0.199946, 0.258462
22.863, 0.798694, 0.199949, 0.199949, 0.303145
22.877, 0.798886, 0.19995, 0.19995, 0.351041
22.892, 0.799073, 0.199951, 0.199951, 0.404812
22.907, 0.799209, 0.19995, 0.19995, 0.456747
22.921, 0.799315, 0.199948, 0.199948, 0.50085
22.936, 0.799411, 0.199945, 0.199945, 0.542008
22.951, 0.799479, 0.199941, 0.199941, 0.576885
22.965, 0.799545, 0.19994, 0.19994, 0.604945
22.98, 0.7996, 0.199938, 0.199938, 0.631764
22.995, 0.799648, 0.199938, 0.199938, 0.656046
23.009, 0.799692, 0.199939, 0.199939, 0.676085
23.024, 0.799725, 0.199938, 0.199938, 0.694651
23.039, 0.79976, 0.199939, 0.199939, 0.710537
23.053, 0.799786, 0.19994, 0.19994, 0.723268
23.068, 0.799808, 0.19994, 0.19994, 0.734961
23.083, 0.799831, 0.199941, 0.199941, 0.744904
23.097, 0.799845, 0.199942, 0.199942, 0.752827
23.112, 0.799861, 0.199942, 0.199942, 0.760069
23.127, 0.799875, 0.199943, 0.199943, 0.766209
23.141, 0.799884, 0.199943, 0.199943, 0.77109
23.156, 0.799895, 0.199943, 0.199943, 0.775545
23.17, 0.799901, 0.199943, 0.199943, 0.779083
23.185, 0.799909, 0.199944, 0.199944, 0.78231
23.2, 0.799915, 0.199944, 0.199944, 0.785039
23.214, 0.799919, 0.199944, 0.199944, 0.787206
23.229, 0.799924, 0.199944, 0.199944, 0.78918
23.244, 0.799927, 0.199944, 0.199944, 0.790849
23.258, 0.79993, 0.199944, 0.199944, 0.792173
23.273, 0.799934, 0.199944, 0.199944, 0.793379
23.288, 0.799935, 0.199944, 0.199944, 0.794398
23.302, 0.799938, 0.199944, 0.199944, 0.795207
23.317, 0.799939, 0.199944, 0.199944, 0.795943
23.332, 0.79994, 0.199945, 0.199945, 0.796566
23.346, 0.799942, 0.199945, 0.199945, 0.797059
23.361, 0.799942, 0.199945, 0.199945, 0.797509
23.376, 0.799943, 0.199945, 0.199945, 0.797888
23.39, 0.799943, 0.199945, 0.199945, 0.798189
23.405, 0.799942, 0.199967, 0.199967, 0.798463
23.42, 0.799943, 0.20671, 0.20671, 0.798692
23.434, 0.799942, 0.225553, 0.225553, 0.798864
23.449, 0.799941, 0.255149, 0.255149, 0.799025
23.464, 0.799941, 0.290842, 0.290842, 0.79916
23.478, 0.79994, 0.326626, 0.326626, 0.79926
23.493, 0.799939, 0.365126, 0.365126, 0.799354
23.508, 0.799938, 0.402226, 0.402226, 0.79943
23.522, 0.799936, 0.434873, 0.434873, 0.79949
23.537, 0.799935, 0.467391, 0.467391, 0.799546
23.552, 0.799934, 0.497582, 0.497582, 0.799592
23.566, 0.799934, 0.524102, 0.524102, 0.799634
23.581, 0.799933, 0.551058, 0.551058, 0.799671
23.596, 0.799933, 0.576632, 0.576632, 0.799704
23.61, 0.799933, 0.599296, 0.599296, 0.799733
23.625, 0.799932, 0.6223, 0.6223, 0.799758
23.639, 0.799933, 0.64256, 0.64256, 0.799781
23.654, 0.799933, 0.662824, 0.662824, 0.799802
23.669, 0.799933, 0.681096, 0.681096, 0.799819
23.683, 0.799934, 0.696264, 0.696264, 0.799835
23.698, 0.799935, 0.710663, 0.710663, 0.799849
23.713, 0.799936, 0.723297, 0.723297, 0.799862
23.727, 0.799936, 0.733611, 0.733611, 0.799873
23.742, 0.799937, 0.743229, 0.743229, 0.799883
23.757, 0.799938, 0.751532, 0.751532, 0.799892
23.771, 0.799939, 0.758234, 0.758234, 0.799899
23.786, 0.79994, 0.76443, 0.76443, 0.799905
23.801, 0.79994, 0.769738, 0.769738, 0.799911
23.815, 0.799941, 0.773994, 0.773994, 0.799916
23.83, 0.799941, 0.777907, 0.777907, 0.79992
23.845, 0.799941, 0.781243, 0.781243, 0.799924
23.859, 0.799941, 0.783907, 0.783907, 0.799927
23.874, 0.799942, 0.786348, 0.786348, 0.79993
23.889, 0.799942, 0.788422, 0.788422, 0.799932
23.903, 0.799942, 0.790075, 0.790075, 0.799934
23.918, 0.799942, 0.791586, 0.791586, 0.799936
23.933, 0.799942, 0.792867, 0.792867, 0.799938
23.947, 0.799942, 0.793887, 0.793887, 0.799939
23.962, 0.799942, 0.794818, 0.794818, 0.79994
23.977, 0.799942, 0.795606, 0.795606, 0.799941
23.991, 0.799942, 0.796233, 0.796233, 0.799941
24.006, 0.799884, 0.796748, 0.796748, 0.799883
24.021, 0.791502, 0.788835, 0.788835, 0.791467
24.035, 0.77135, 0.76899, 0.76899, 0.771284
24.05, 0.745969, 0.743801, 0.743801, 0.745884
24.064, 0.722761, 0.72067, 0.72067, 0.722668
24.079, 0.697884, 0.695827, 0.695827, 0.697786
24.094, 0.672876, 0.670834, 0.670834, 0.672775
24.108, 0.649847, 0.647815, 0.647815, 0.649746
24.123, 0.625847, 0.623824, 0.623824, 0.625745
24.138, 0.602647, 0.600637, 0.600637, 0.602546
24.152, 0.581701, 0.579708, 0.579708, 0.5816
24.167, 0.559995, 0.558024, 0.558024, 0.559895
24.182, 0.539049, 0.537106, 0.537106, 0.538951
24.196, 0.520179, 0.518267, 0.518267, 0.520083
24.211, 0.500658, 0.498783, 0.498783, 0.500563
24.226, 0.481808, 0.479975, 0.479975, 0.481715
24.24, 0.464782, 0.462993, 0.462993, 0.464691
24.255, 0.44712, 0.445382, 0.445382, 0.447032
24.27, 0.43004, 0.428358, 0.428358, 0.429955
24.284, 0.414617, 0.41299, 0.41299, 0.414535
24.299, 0.398645, 0.397081, 0.397081, 0.398566
24.314, 0.383247, 0.381749, 0.381749, 0.383171
24.328, 0.369397, 0.367963, 0.367963, 0.369324
24.343, 0.355125, 0.353762, 0.353762, 0.355056
24.358, 0.341448, 0.340158, 0.340158, 0.341383
24.372, 0.329229, 0.328006, 0.328006, 0.329167
24.387, 0.316743, 0.315602, 0.315602, 0.316685
24.402, 0.305101, 0.304065, 0.304065, 0.305048
24.416, 0.29514, 0.294203, 0.294203, 0.295093
24.431, 0.285327, 0.284486, 0.284486, 0.285284
24.446, 0.276286, 0.275534, 0.275534, 0.276247
24.46, 0.268509, 0.267834, 0.267834, 0.268475
24.475, 0.260881, 0.260282, 0.260282, 0.260851
24.489, 0.254398, 0.253864, 0.253864, 0.254371
24.504, 0.248092, 0.24762, 0.24762, 0.248068
24.519, 0.242402, 0.241986, 0.241986, 0.242381
24.533, 0.237609, 0.237241, 0.237241, 0.237591
24.548, 0.232991, 0.232669, 0.232669, 0.232975
24.563, 0.228869, 0.228587, 0.228587, 0.228854
24.577, 0.225432, 0.225184, 0.225184, 0.22542
24.592, 0.222154, 0.221938, 0.221938, 0.222143
24.607, 0.21935, 0.219068, 0.219068, 0.219246
24.621, 0.222332, 0.21669, 0.21669, 0.216846
24.636, 0.235043, 0.214412, 0.214412, 0.214546
24.651, 0.256204, 0.212352, 0.212352, 0.212467
24.665, 0.283762, 0.210538, 0.210538, 0.210636
24.68, 0.320986, 0.208788, 0.208788, 0.208869
24.695, 0.364068, 0.207298, 0.207298, 0.207365
24.709, 0.407077, 0.206087, 0.206087, 0.206143
24.724, 0.453166, 0.205033, 0.205033, 0.205079
24.739, 0.49674, 0.204167, 0.204167, 0.204205
24.753, 0.533595, 0.203499, 0.203499, 0.203531
24.768, 0.568322, 0.20293, 0.20293, 0.202956
24.783, 0.598286, 0.202444, 0.202444, 0.202466
24.797, 0.622563, 0.202074, 0.202074, 0.202093
24.812, 0.645465, 0.201736, 0.201736, 0.201752
24.827, 0.665755, 0.201442, 0.201442, 0.201455
24.841, 0.682428, 0.201217, 0.201217, 0.201229
24.856, 0.69809, 0.201001, 0.201001, 0.201011
24.871, 0.711785, 0.200821, 0.200821, 0.200829
24.885, 0.723044, 0.200678, 0.200678, 0.200685
24.9, 0.733669, 0.200541, 0.200541, 0.200547
24.915, 0.742961, 0.200432, 0.200432, 0.200437
24.929, 0.75055, 0.20034, 0.20034, 0.200344
24.944, 0.75764, 0.200257, 0.200257, 0.200261
24.958, 0.763392, 0.200194, 0.200194, 0.200197
24.973, 0.768734, 0.200132, 0.200132, 0.200135
24.988, 0.773331, 0.200085, 0.200085, 0.200087
25.002, 0.777033, 0.200045, 0.200045, 0.200047
25.017, 0.780449, 0.200009, 0.200009, 0.20001
25.032, 0.783371, 0.199982, 0.199982, 0.199983
25.046, 0.785712, 0.199964, 0.199964, 0.199964
25.061, 0.787862, 0.199954, 0.199954, 0.199954
25.076, 0.789691, 0.199947, 0.199947, 0.199947
25.09, 0.791144, 0.199944, 0.199944, 0.199944
25.105, 0.792479, 0.199943, 0.199943, 0.199943
25.12, 0.793617, 0.199942, 0.199942, 0.199942
25.134, 0.794523, 0.199943, 0.199943, 0.199943
25.149, 0.795353, 0.199943, 0.199943, 0.199943
25.164, 0.796057, 0.199943, 0.199943, 0.199943
25.178, 0.796616, 0.199944, 0.199944, 0.199944
25.193, 0.797128, 0.199944, 0.199944, 0.199944
25.208, 0.797561, 0.199944, 0.199944, 0.200159
25.222, 0.797902, 0.199944, 0.199944, 0.208888
25.237, 0.798215, 0.199944, 0.199944, 0.232561
25.252, 0.79851, 0.199947, 0.199947, 0.269469
25.266, 0.798738, 0.199949, 0.199949, 0.313029
25.281, 0.798938, 0.19995, 0.19995, 0.365318
25.296, 0.799115, 0.199951, 0.199951, 0.418999
25.31, 0.799232, 0.199949, 0.199949, 0.466615
25.325, 0.799344, 0.199947, 0.199947, 0.512468
25.34, 0.799431, 0.199944, 0.199944, 0.551886
25.354, 0.799493, 0.199941, 0.199941, 0.583211
25.369, 0.799562, 0.199939, 0.199939, 0.612371
25.383, 0.799609, 0.199938, 0.199938, 0.636825
25.398, 0.799658, 0.199938, 0.199938, 0.660566
25.413, 0.799702, 0.199939, 0.199939, 0.68132
25.427, 0.799731, 0.199939, 0.199939, 0.69803
25.442, 0.799767, 0.19994, 0.19994, 0.713425
25.457, 0.799791, 0.19994, 0.19994, 0.726572
25.471, 0.799813, 0.199941, 0.199941, 0.737081
25.486, 0.799835, 0.199941, 0.199941, 0.746705
25.501, 0.799849, 0.199942, 0.199942, 0.754876
25.515, 0.799865, 0.199942, 0.199942, 0.76138
25.53, 0.799877, 0.199943, 0.199943, 0.767319
25.545, 0.799887, 0.199943, 0.199943, 0.772352
25.559, 0.799897, 0.199943, 0.199943, 0.77635
25.574, 0.799903, 0.199943, 0.199943, 0.779997
25.589, 0.799911, 0.199944, 0.199944, 0.783083
25.603, 0.799916, 0.199944, 0.199944, 0.785532
25.618, 0.79992, 0.199944, 0.199944, 0.787765
25.633, 0.799926, 0.199944, 0.199944, 0.789653
25.647, 0.799928, 0.199944, 0.199944, 0.79115
25.662, 0.799931, 0.199944, 0.199944, 0.792515
25.677, 0.799934, 0.199944, 0.199944, 0.793668
25.691, 0.799935, 0.199944, 0.199944, 0.794582
25.706, 0.799938, 0.199944, 0.199944, 0.795415
25.721, 0.799939, 0.199944, 0.199944, 0.79612
25.735, 0.799941, 0.199945, 0.199945, 0.796678
25.75, 0.799942, 0.199945, 0.199945, 0.797187
25.765, 0.799942, 0.199945, 0.199945, 0.797616
25.779, 0.799943, 0.199945, 0.199945, 0.797957
25.794, 0.799943, 0.199945, 0.199945, 0.798267
25.809, 0.799943, 0.200314, 0.200314, 0.798529
25.823, 0.799943, 0.209864, 0.209864, 0.798732
25.838, 0.799942, 0.232643, 0.232643, 0.798909
25.852, 0.799941, 0.261916, 0.261916, 0.799055
25.867, 0.799941, 0.2984, 0.2984, 0.799183
25.882, 0.79994, 0.336957, 0.336957, 0.799287
25.896, 0.799939, 0.372692, 0.372692, 0.799371
25.911, 0.799937, 0.409399, 0.409399, 0.799443
25.926, 0.799936, 0.443795, 0.443795, 0.799506
25.94, 0.799935, 0.4736, 0.4736, 0.799555
25.955, 0.799934, 0.503386, 0.503386, 0.799601
25.97, 0.799933, 0.53143, 0.53143, 0.799645
25.984, 0.799933, 0.556281, 0.556281, 0.799678
25.999, 0.799933, 0.581586, 0.581586, 0.799711
26.014, 0.799933, 0.60556, 0.60556, 0.79974
26.028, 0.799932, 0.62674, 0.62674, 0.799763
26.043, 0.799933, 0.648128, 0.648128, 0.799787
26.058, 0.799933, 0.667906, 0.667906, 0.799806
26.072, 0.799934, 0.684495, 0.684495, 0.799823
26.087, 0.799934, 0.700284, 0.700284, 0.799839
26.102, 0.799935, 0.714199, 0.714199, 0.799853
26.116, 0.799936, 0.725623, 0.725623, 0.799865
26.131, 0.799937, 0.736314, 0.736314, 0.799876
26.146, 0.799938, 0.745565, 0.745565, 0.799885
26.16, 0.799938, 0.753049, 0.753049, 0.799893
26.175, 0.799939, 0.759981, 0.759981, 0.7999
26.19, 0.79994, 0.765927, 0.765927, 0.799907
26.204, 0.79994, 0.770703, 0.770703, 0.799912
26.219, 0.799941, 0.775099, 0.775099, 0.799917
26.234, 0.799941, 0.77885, 0.77885, 0.799921
26.248, 0.799941, 0.781848, 0.781848, 0.799925
26.263, 0.799942, 0.784597, 0.784597, 0.799928
26.277, 0.799942, 0.78679, 0.78679, 0.79993
26.292, 0.799942, 0.788798, 0.788798, 0.799933
26.307, 0.799942, 0.790502, 0.790502, 0.799935
26.321, 0.799942, 0.791859, 0.791859, 0.799936
26.336, 0.799942, 0.793099, 0.793099, 0.799938
26.351, 0.799942, 0.79415, 0.79415, 0.799939
26.365, 0.799942, 0.794986, 0.794986, 0.79994
26.38, 0.799942, 0.795749, 0.795749, 0.799941
26.395, 0.799942, 0.796395, 0.796395, 0.799941
26.409, 0.799546, 0.796518, 0.796518, 0.799544
26.424, 0.787894, 0.785302, 0.785302, 0.787852
26.439, 0.764616, 0.762324, 0.762324, 0.764544
26.453, 0.740956, 0.73881, 0.73881, 0.740869
26.468, 0.716154, 0.714074, 0.714074, 0.716059
26.483, 0.69121, 0.689158, 0.689158, 0.691111
26.497, 0.667901, 0.665862, 0.665862, 0.667801
26.512, 0.643371, 0.641341, 0.641341, 0.64327
26.527, 0.619581, 0.617562, 0.617562, 0.61948
26.541, 0.598102, 0.596095, 0.596095, 0.598001
26.556, 0.575839, 0.573851, 0.573851, 0.575738
26.571, 0.554335, 0.552371, 0.552371, 0.554236
26.585, 0.534951, 0.533014, 0.533014, 0.534853
26.6, 0.514905, 0.513002, 0.513002, 0.514809
26.615, 0.495568, 0.493703, 0.493703, 0.495473
26.629, 0.478115, 0.476291, 0.476291, 0.478022
26.644, 0.460014, 0.458238, 0.458238, 0.459924
26.659, 0.442509, 0.440785, 0.440785, 0.442421
26.673, 0.426693, 0.425022, 0.425022, 0.426609
26.688, 0.410302, 0.408691, 0.408691, 0.41022
26.702, 0.395519, 0.393968, 0.393968, 0.395441
26.717, 0.380236, 0.378752, 0.378752, 0.380161
26.732, 0.365534, 0.364119, 0.364119, 0.365462
26.746, 0.352342, 0.350993, 0.350993, 0.352274
26.761, 0.338785, 0.337509, 0.337509, 0.338721
26.776, 0.325835, 0.324632, 0.324632, 0.325774
26.79, 0.314337, 0.313215, 0.313215, 0.31428
26.805, 0.302894, 0.301881, 0.301881, 0.302843
26.82, 0.292443, 0.291532, 0.291532, 0.292396
26.834, 0.283459, 0.282637, 0.282637, 0.283418
26.849, 0.274565, 0.273831, 0.273831, 0.274528
26.864, 0.266404, 0.26575, 0.26575, 0.266371
26.878, 0.259441, 0.258856, 0.258856, 0.259412
26.893, 0.252654, 0.252137, 0.252137, 0.252628
26.908, 0.246516, 0.24606, 0.24606, 0.246493
26.922, 0.241334, 0.240929, 0.240929, 0.241314
26.937, 0.236327, 0.235972, 0.235972, 0.236309
26.952, 0.231845, 0.231534, 0.231534, 0.231829
26.966, 0.2281, 0.227825, 0.227825, 0.228086
26.981, 0.224519, 0.224279, 0.224279, 0.224506
26.996, 0.221345, 0.221137, 0.221137, 0.221335
27.01, 0.219186, 0.218536, 0.218536, 0.218709
27.025, 0.224843, 0.216057, 0.216057, 0.216207
27.04, 0.23987, 0.213845, 0.213845, 0.213974
27.054, 0.261466, 0.211955, 0.211955, 0.212067
27.069, 0.292983, 0.210044, 0.210044, 0.210138
27.084, 0.332004, 0.208369, 0.208369, 0.208447
27.098, 0.373152, 0.207023, 0.207023, 0.207087
27.113, 0.419481, 0.205781, 0.205781, 0.205834
27.128, 0.46512, 0.204788, 0.204788, 0.204832
27.142, 0.504982, 0.204011, 0.204011, 0.204048
27.157, 0.543343, 0.203336, 0.203336, 0.203366
27.171, 0.57468, 0.202826, 0.202826, 0.202852
27.186, 0.603762, 0.202358, 0.202358, 0.202379
27.201, 0.62895, 0.20198, 0.20198, 0.201998
27.215, 0.649726, 0.201673, 0.201673, 0.201688
27.23, 0.669507, 0.20139, 0.20139, 0.201404
27.245, 0.686815, 0.201157, 0.201157, 0.201168
27.259, 0.700976, 0.200962, 0.200962, 0.200971
27.274, 0.714314, 0.200789, 0.200789, 0.200797
27.289, 0.726016, 0.200639, 0.200639, 0.200646
27.303, 0.735629, 0.200517, 0.200517, 0.200523
27.318, 0.744671, 0.200411, 0.200411, 0.200416
27.333, 0.752541, 0.200316, 0.200316, 0.20032
27.347, 0.758939, 0.200243, 0.200243, 0.200247
27.362, 0.764895, 0.200177, 0.200177, 0.20018
27.377, 0.770029, 0.200118, 0.200118, 0.200121
27.391, 0.774169, 0.200076, 0.200076, 0.200078
27.406, 0.777996, 0.200034, 0.200034, 0.200036
27.421, 0.781273, 0.200001, 0.200001, 0.200002
27.435, 0.783902, 0.199977, 0.199977, 0.199978
27.45, 0.786319, 0.19996, 0.19996, 0.199961
27.465, 0.788379, 0.199952, 0.199952, 0.199952
27.479, 0.790022, 0.199946, 0.199946, 0.199946
27.494, 0.791521, 0.199944, 0.199944, 0.199944
27.509, 0.7928, 0.199943, 0.199943, 0.199943
27.523, 0.793823, 0.199942, 0.199942, 0.199942
27.538, 0.794758, 0.199943, 0.199943, 0.199943
27.553, 0.795552, 0.199943, 0.199943, 0.199943
27.567, 0.796184, 0.199943, 0.199943, 0.199943
27.582, 0.796761, 0.199944, 0.199944, 0.199944
27.596, 0.79722, 0.199944, 0.199944, 0.199944
27.611, 0.797639, 0.199944, 0.199944, 0.200816
27.626, 0.797989, 0.199944, 0.199944, 0.213847
27.64, 0.798276, 0.199944, 0.199944, 0.238938
27.655, 0.798564, 0.199948, 0.199948, 0.278197
27.67, 0.798793, 0.199949, 0.199949, 0.32657
27.684, 0.798977, 0.199951, 0.199951, 0.376095
27.699, 0.799143, 0.199951, 0.199951, 0.429504
27.714, 0.799262, 0.199949, 0.199949, 0.479434
27.728, 0.799364, 0.199947, 0.199947, 0.520876
27.743, 0.799444, 0.199943, 0.199943, 0.559007
27.758, 0.799512, 0.19994, 0.19994, 0.591363
27.772, 0.799573, 0.199939, 0.199939, 0.6178
27.787, 0.799621, 0.199938, 0.199938, 0.643423
27.802, 0.799671, 0.199938, 0.199938, 0.666402
27.816, 0.799708, 0.199938, 0.199938, 0.685107
27.831, 0.799741, 0.199939, 0.199939, 0.702374
27.846, 0.799774, 0.19994, 0.19994, 0.717137
27.86, 0.799795, 0.19994, 0.19994, 0.728959
27.875, 0.799819, 0.199941, 0.199941, 0.739803
27.89, 0.799839, 0.199942, 0.199942, 0.749017
27.904, 0.799852, 0.199942, 0.199942, 0.756356
27.919, 0.799869, 0.199943, 0.199943, 0.763061
27.934, 0.799879, 0.199943, 0.199943, 0.768744
27.948, 0.799889, 0.199943, 0.199943, 0.773262
27.963, 0.799899, 0.199943, 0.199943, 0.777383
27.978, 0.799905, 0.199943, 0.199943, 0.780871
27.992, 0.799913, 0.199944, 0.199944, 0.78364
28.007, 0.799917, 0.199944, 0.199944, 0.786165
28.021, 0.799921, 0.199944, 0.199944, 0.788168
28.036, 0.799926, 0.199944, 0.199944, 0.789994
28.051, 0.799929, 0.199944, 0.199944, 0.791537
28.065, 0.799932, 0.199944, 0.199944, 0.792761
28.08, 0.799934, 0.199944, 0.199944, 0.793876
28.095, 0.799936, 0.199944, 0.199944, 0.794818
28.109, 0.799939, 0.199944, 0.199944, 0.795566
28.124, 0.799939, 0.199944, 0.199944, 0.796247
28.139, 0.799941, 0.199945, 0.199945, 0.796822
28.153, 0.799942, 0.199945, 0.199945, 0.797278
28.168, 0.799942, 0.199945, 0.199945, 0.797694
28.183, 0.799943, 0.199945, 0.199945, 0.798045
28.197, 0.799942, 0.199945, 0.199945, 0.798323
28.212, 0.799943, 0.201181, 0.201181, 0.798576
28.227, 0.799942, 0.214862, 0.214862, 0.798782
28.241, 0.799941, 0.238374, 0.238374, 0.798942
28.256, 0.799941, 0.271267, 0.271267, 0.799092
28.271, 0.79994, 0.308596, 0.308596, 0.799212
28.285, 0.799939, 0.344689, 0.344689, 0.799306
28.3, 0.799939, 0.382675, 0.382675, 0.799392
28.315, 0.799937, 0.418817, 0.418817, 0.79946
28.329, 0.799936, 0.450365, 0.450365, 0.799517
28.344, 0.799935, 0.481739, 0.481739, 0.799568
28.359, 0.799934, 0.511018, 0.511018, 0.799613
28.373, 0.799933, 0.536859, 0.536859, 0.799652
28.388, 0.799933, 0.563161, 0.563161, 0.799687
28.403, 0.799933, 0.588108, 0.588108, 0.799719
28.417, 0.799933, 0.610196, 0.610196, 0.799745
28.432, 0.799933, 0.632578, 0.632578, 0.79977
28.447, 0.799933, 0.653586, 0.653586, 0.799793
28.461, 0.799933, 0.671617, 0.671617, 0.79981
28.476, 0.799934, 0.688898, 0.688898, 0.799828
28.49, 0.799934, 0.703212, 0.703212, 0.799842
28.505, 0.799935, 0.716771, 0.716771, 0.799855
28.52, 0.799936, 0.728624, 0.728624, 0.799868
28.534, 0.799937, 0.738274, 0.738274, 0.799878
28.549, 0.799938, 0.747258, 0.747258, 0.799887
28.564, 0.799939, 0.755001, 0.755001, 0.799895
28.578, 0.799939, 0.761244, 0.761244, 0.799902
28.593, 0.79994, 0.76701, 0.76701, 0.799908
28.608, 0.79994, 0.771944, 0.771944, 0.799913
28.622, 0.799941, 0.775898, 0.775898, 0.799918
28.637, 0.799941, 0.779531, 0.779531, 0.799922
28.652, 0.799941, 0.782625, 0.782625, 0.799925
28.666, 0.799942, 0.785096, 0.785096, 0.799929
28.681, 0.799942, 0.787358, 0.787358, 0.799931
28.696, 0.799942, 0.78928, 0.78928, 0.799933
28.71, 0.799942, 0.790811, 0.790811, 0.799935
28.725, 0.799942, 0.79221, 0.79221, 0.799937
28.74, 0.799942, 0.793397, 0.793397, 0.799938
28.754, 0.799942, 0.794341, 0.794341, 0.79994
28.769, 0.799942, 0.795202, 0.795202, 0.79994
28.784, 0.799942, 0.795932, 0.795932, 0.799941
28.798, 0.799942, 0.796512, 0.796512, 0.799941
28.813, 0.798147, 0.795252, 0.795252, 0.798136
28.828, 0.782374, 0.779873, 0.779873, 0.782322
28.842, 0.759508, 0.757258, 0.757258, 0.759432
28.857, 0.734319, 0.732196, 0.732196, 0.734229
28.872, 0.709528, 0.707458, 0.707458, 0.709432
28.886, 0.686202, 0.684154, 0.684154, 0.686103
28.901, 0.661299, 0.659262, 0.659262, 0.661198
28.915, 0.638549, 0.636521, 0.636521, 0.638448
28.93, 0.61492, 0.612903, 0.612903, 0.614819
28.945, 0.59209, 0.590088, 0.590088, 0.591989
28.959, 0.571477, 0.569494, 0.569494, 0.571377
28.974, 0.550125, 0.548167, 0.548167, 0.550026
28.989, 0.529533, 0.527605, 0.527605, 0.529436
29.003, 0.510983, 0.509087, 0.509087, 0.510887
29.018, 0.491781, 0.489925, 0.489925, 0.491687
29.033, 0.473228, 0.471417, 0.471417, 0.473137
29.047, 0.456466, 0.4547, 0.4547, 0.456377
29.062, 0.439077, 0.437365, 0.437365, 0.438991
29.077, 0.422266, 0.420611, 0.420611, 0.422182
29.091, 0.407092, 0.405494, 0.405494, 0.407011
29.106, 0.391387, 0.389854, 0.389854, 0.39131
29.121, 0.376258, 0.374792, 0.374792, 0.376184
29.135, 0.362663, 0.361263, 0.361263, 0.362592
29.15, 0.348668, 0.347339, 0.347339, 0.348601
29.165, 0.335272, 0.334016, 0.334016, 0.335209
29.179, 0.323318, 0.322131, 0.322131, 0.323258
29.194, 0.311187, 0.310093, 0.310093, 0.311131
29.209, 0.300015, 0.29903, 0.29903, 0.299965
29.223, 0.290459, 0.289568, 0.289568, 0.290414
29.238, 0.281016, 0.280217, 0.280217, 0.280975
29.253, 0.272317, 0.271605, 0.271605, 0.272281
29.267, 0.264859, 0.264221, 0.264221, 0.264827
29.282, 0.257565, 0.256999, 0.256999, 0.257536
29.297, 0.250956, 0.250455, 0.250455, 0.25093
29.311, 0.245363, 0.244918, 0.244918, 0.24534
29.326, 0.239945, 0.239554, 0.239554, 0.239926
29.34, 0.23539, 0.235044, 0.235044, 0.235373
29.355, 0.231008, 0.230705, 0.230705, 0.230993
29.37, 0.227103, 0.226838, 0.226838, 0.227089
29.384, 0.223852, 0.22362, 0.22362, 0.223841
29.399, 0.220756, 0.220554, 0.220554, 0.220746
29.414, 0.219654, 0.217846, 0.217846, 0.218013
29.428, 0.227161, 0.215595, 0.215595, 0.21574
29.443, 0.243875, 0.21343, 0.21343, 0.213555
29.458, 0.269034, 0.211432, 0.211432, 0.211539
29.472, 0.300253, 0.209686, 0.209686, 0.209776
29.487, 0.340515, 0.208067, 0.208067, 0.208141
29.502, 0.385408, 0.206668, 0.206668, 0.206729
29.516, 0.428751, 0.205564, 0.205564, 0.205615
29.531, 0.473941, 0.204611, 0.204611, 0.204653
29.546, 0.515687, 0.203814, 0.203814, 0.203848
29.56, 0.55042, 0.20322, 0.20322, 0.203249
29.575, 0.582865, 0.202693, 0.202693, 0.202718
29.59, 0.610822, 0.202249, 0.202249, 0.202269
29.604, 0.633601, 0.201912, 0.201912, 0.201929
29.619, 0.655251, 0.201591, 0.201591, 0.201606
29.634, 0.674355, 0.201325, 0.201325, 0.201338
29.648, 0.690002, 0.201113, 0.201113, 0.201124
29.663, 0.704707, 0.200912, 0.200912, 0.200921
29.678, 0.717586, 0.200748, 0.200748, 0.200756
29.692, 0.728177, 0.200611, 0.200611, 0.200618
29.707, 0.738162, 0.200487, 0.200487, 0.200493
29.722, 0.746879, 0.200385, 0.200385, 0.200389
29.736, 0.753985, 0.200298, 0.200298, 0.200302
29.751, 0.760614, 0.200225, 0.200225, 0.200228
29.766, 0.76634, 0.20016, 0.20016, 0.200163
29.78, 0.770966, 0.200109, 0.200109, 0.200111
29.795, 0.775248, 0.200065, 0.200065, 0.200067
29.809, 0.778693, 0.200027, 0.200027, 0.200028
29.824, 0.78187, 0.199995, 0.199995, 0.199997
29.839, 0.784584, 0.199971, 0.199971, 0.199972
29.853, 0.786758, 0.199958, 0.199958, 0.199959
29.868, 0.788753, 0.19995, 0.19995, 0.199951
29.883, 0.790446, 0.199945, 0.199945, 0.199945
29.897, 0.791793, 0.199944, 0.199944, 0.199944
29.912, 0.793033, 0.199942, 0.199942, 0.199942
29.927, 0.794087, 0.199942, 0.199942, 0.199942
29.941, 0.794927, 0.199943, 0.199943, 0.199943
29.956, 0.795696, 0.199943, 0.199943, 0.199943
29.971, 0.796347, 0.199944, 0.199944, 0.199944
29.985, 0.796866, 0.199944, 0.199944, 0.199944
30, 0.797339, 0.199944, 0.199944, 0.199944
