0, 100000
0.005, 2.49623e+06
0.01, 3.54737e+06
0.015, 3.99217e+06
0.02, 4.37282e+06
0.024, 4.59533e+06
0.029, 4.78399e+06
0.034, 4.87545e+06
0.039, 4.8731e+06
0.044, 4.78657e+06
0.049, 4.62745e+06
0.054, 4.40957e+06
0.059, 4.14793e+06
0.064, 3.85798e+06
0.068, 3.61587e+06
0.073, 3.31268e+06
0.078, 3.02115e+06
0.083, 2.75272e+06
0.088, 2.51676e+06
0.093, 2.32035e+06
0.098, 2.16816e+06
0.103, 2.06255e+06
0.107, 2.01174e+06
0.112, 1.98885e+06
0.117, 2.00793e+06
0.122, 2.06414e+06
0.127, 2.15151e+06
0.132, 2.26331e+06
0.137, 2.39239e+06
0.142, 2.53153e+06
0.147, 2.67377e+06
0.151, 2.78546e+06
0.156, 2.91761e+06
0.161, 3.03688e+06
0.166, 3.13938e+06
0.171, 3.22228e+06
0.176, 3.28388e+06
0.181, 3.32357e+06
0.186, 3.34171e+06
0.191, 3.33959e+06
0.195, 3.32464e+06
0.2, 3.29155e+06
0.205, 3.24524e+06
0.21, 3.18898e+06
0.215, 3.12614e+06
0.22, 3.06005e+06
0.225, 2.99388e+06
0.23, 2.93048e+06
0.234, 2.88343e+06
0.239, 2.83093e+06
0.244, 2.78692e+06
0.249, 2.75249e+06
0.254, 2.72821e+06
0.259, 2.71416e+06
0.264, 2.70996e+06
0.269, 2.71485e+06
0.274, 2.72777e+06
0.278, 2.74299e+06
0.283, 2.76689e+06
0.288, 2.79475e+06
0.293, 2.82499e+06
0.298, 2.85609e+06
0.303, 2.88661e+06
0.308, 2.9153e+06
0.313, 2.9411e+06
0.318, 2.96316e+06
0.322, 2.97773e+06
0.327, 2.99175e+06
0.332, 3.00098e+06
0.337, 3.00548e+06
0.342, 3.00551e+06
0.347, 3.00149e+06
0.352, 2.99399e+06
0.357, 2.98366e+06
0.362, 2.97121e+06
0.366, 2.96022e+06
0.371, 2.94582e+06
0.376, 2.93132e+06
0.381, 2.91736e+06
0.386, 2.90449e+06
0.391, 2.89316e+06
0.396, 2.8837e+06
0.401, 2.87636e+06
0.405, 2.87209e+06
0.41, 2.86876e+06
0.415, 2.86759e+06
0.42, 2.86844e+06
0.425, 2.87108e+06
0.43, 2.87521e+06
0.435, 2.88052e+06
0.44, 2.88667e+06
0.445, 2.89331e+06
0.449, 2.89875e+06
0.454, 2.90545e+06
0.459, 2.91179e+06
0.464, 2.91751e+06
0.469, 2.92244e+06
0.474, 2.92643e+06
0.479, 2.92941e+06
0.484, 2.93134e+06
0.489, 2.93224e+06
0.493, 2.93225e+06
0.498, 2.93147e+06
0.503, 2.92991e+06
0.508, 2.92772e+06
0.513, 2.92504e+06
0.518, 2.92205e+06
0.523, 2.91889e+06
0.528, 2.91573e+06
0.532, 2.91328e+06
0.537, 2.91043e+06
0.542, 2.90791e+06
0.547, 2.90579e+06
0.552, 2.90413e+06
0.557, 2.90296e+06
0.562, 2.90227e+06
0.567, 2.90206e+06
0.572, 2.90228e+06
0.576, 2.90273e+06
0.581, 2.9036e+06
0.586, 2.90474e+06
0.591, 2.90606e+06
0.596, 2.90751e+06
0.601, 2.90899e+06
0.606, 2.91045e+06
0.611, 2.91183e+06
0.616, 2.91307e+06
0.62, 2.91393e+06
0.625, 2.91483e+06
0.63, 2.91551e+06
0.635, 2.91595e+06
0.64, 2.91618e+06
0.645, 2.91618e+06
0.65, 2.916e+06
0.655, 2.91564e+06
0.66, 2.91515e+06
0.664, 2.91469e+06
0.669, 2.91404e+06
0.674, 2.91335e+06
0.679, 2.91266e+06
0.684, 2.91199e+06
0.689, 2.91137e+06
0.694, 2.91083e+06
0.699, 2.91037e+06
0.703, 2.91008e+06
0.708, 2.90981e+06
0.713, 2.90965e+06
0.718, 2.90959e+06
0.723, 2.90963e+06
0.728, 2.90975e+06
0.733, 2.90995e+06
0.738, 2.9102e+06
0.743, 2.91049e+06
0.747, 2.91074e+06
0.752, 2.91107e+06
0.757, 2.91139e+06
0.762, 2.91169e+06
0.767, 2.91197e+06
0.772, 2.9122e+06
0.777, 2.9124e+06
0.782, 2.91254e+06
0.787, 2.91263e+06
0.791, 2.91267e+06
0.796, 2.91268e+06
0.801, 2.91264e+06
0.806, 2.91257e+06
0.811, 2.91247e+06
0.816, 2.91234e+06
0.821, 2.9122e+06
0.826, 2.91205e+06
0.83, 2.91192e+06
0.835, 2.91178e+06
0.84, 2.91164e+06
0.845, 2.91152e+06
0.85, 2.91142e+06
0.855, 2.91134e+06
0.86, 2.91128e+06
0.865, 2.91125e+06
0.87, 2.91124e+06
0.874, 2.91124e+06
0.879, 2.91127e+06
0.884, 2.91131e+06
0.889, 2.91136e+06
0.894, 2.91143e+06
0.899, 2.91149e+06
0.904, 2.91157e+06
0.909, 2.91164e+06
0.914, 2.9117e+06
0.918, 2.91175e+06
0.923, 2.9118e+06
0.928, 2.91185e+06
0.933, 2.91188e+06
0.938, 2.9119e+06
0.943, 2.91191e+06
0.948, 2.91191e+06
0.953, 2.9119e+06
0.957, 2.91189e+06
0.962, 2.91187e+06
0.967, 2.91184e+06
0.972, 2.91181e+06
0.977, 2.91178e+06
0.982, 2.91174e+06
0.987, 2.91171e+06
0.992, 2.91168e+06
0.997, 2.91166e+06
1.001, 2.91164e+06
1.006, 4.25738e+06
1.011, 6.85713e+06
1.016, 9.6783e+06
1.021, 1.26291e+07
1.026, 1.5591e+07
1.031, 1.84537e+07
1.036, 2.11246e+07
1.041, 2.35284e+07
1.045, 2.522e+07
1.05, 2.7011e+07
1.055, 2.84202e+07
1.06, 2.94397e+07
1.065, 3.00763e+07
1.07, 3.03502e+07
1.075, 3.02924e+07
1.08, 2.99425e+07
1.085, 2.93461e+07
1.089, 2.87248e+07
1.094, 2.78107e+07
1.099, 2.67915e+07
1.104, 2.57159e+07
1.109, 2.46294e+07
1.114, 2.35728e+07
1.119, 2.25811e+07
1.124, 2.1683e+07
1.128, 2.1047e+07
1.133, 2.03684e+07
1.138, 1.98285e+07
1.143, 1.94312e+07
1.148, 1.91748e+07
1.153, 1.90527e+07
1.158, 1.90543e+07
1.163, 1.91654e+07
1.168, 1.93696e+07
1.172, 1.95881e+07
1.177, 1.99143e+07
1.182, 2.02822e+07
1.187, 2.06736e+07
1.192, 2.10717e+07
1.197, 2.14613e+07
1.202, 2.18292e+07
1.207, 2.21644e+07
1.212, 2.24584e+07
1.216, 2.26599e+07
1.221, 2.28663e+07
1.226, 2.30206e+07
1.231, 2.3123e+07
1.236, 2.31758e+07
1.241, 2.31826e+07
1.246, 2.31483e+07
1.251, 2.30789e+07
1.255, 2.30024e+07
1.26, 2.28862e+07
1.265, 2.27536e+07
1.27, 2.26114e+07
1.275, 2.24656e+07
1.28, 2.23222e+07
1.285, 2.21859e+07
1.29, 2.20609e+07
1.295, 2.19505e+07
1.299, 2.18743e+07
1.304, 2.17956e+07
1.309, 2.17359e+07
1.314, 2.16952e+07
1.319, 2.16729e+07
1.324, 2.16677e+07
1.329, 2.16778e+07
1.334, 2.17012e+07
1.339, 2.17355e+07
1.343, 2.17692e+07
1.348, 2.18168e+07
1.353, 2.18685e+07
1.358, 2.19218e+07
1.363, 2.19746e+07
1.368, 2.2025e+07
1.373, 2.20716e+07
1.378, 2.21129e+07
1.383, 2.21482e+07
1.387, 2.21717e+07
1.392, 2.21947e+07
1.397, 2.22108e+07
1.402, 2.22201e+07
1.407, 2.2223e+07
1.412, 2.22202e+07
1.417, 2.22124e+07
1.422, 2.22004e+07
1.426, 2.21885e+07
1.431, 2.21714e+07
1.436, 2.21527e+07
1.441, 2.21332e+07
1.446, 2.21138e+07
1.451, 2.20951e+07
1.456, 2.20778e+07
1.461, 2.20623e+07
1.466, 2.2049e+07
1.47, 2.20401e+07
1.475, 2.20312e+07
1.48, 2.20249e+07
1.485, 2.20211e+07
1.49, 2.20196e+07
1.495, 2.20203e+07
1.5, 2.20229e+07
1.505, 2.2027e+07
1.51, 2.20324e+07
1.514, 2.20374e+07
1.519, 2.20442e+07
1.524, 2.20513e+07
1.529, 2.20584e+07
1.534, 2.20653e+07
1.539, 2.20717e+07
1.544, 2.20775e+07
1.549, 2.20825e+07
1.553, 2.20859e+07
1.558, 2.20893e+07
1.563, 2.20918e+07
1.568, 2.20933e+07
1.573, 2.2094e+07
1.578, 2.20939e+07
1.583, 2.20931e+07
1.588, 2.20916e+07
1.593, 2.20897e+07
1.597, 2.2088e+07
1.602, 2.20855e+07
1.607, 2.20829e+07
1.612, 2.20803e+07
1.617, 2.20778e+07
1.622, 2.20754e+07
1.627, 2.20732e+07
1.632, 2.20713e+07
1.637, 2.20697e+07
1.641, 2.20687e+07
1.646, 2.20678e+07
1.651, 2.20671e+07
1.656, 2.20668e+07
1.661, 2.20668e+07
1.666, 2.20671e+07
1.671, 2.20676e+07
1.676, 2.20683e+07
1.681, 2.20691e+07
1.685, 2.20698e+07
1.69, 2.20707e+07
1.695, 2.20717e+07
1.7, 2.20726e+07
1.705, 2.20735e+07
1.71, 2.20743e+07
1.715, 2.2075e+07
1.72, 2.20756e+07
1.724, 2.2076e+07
1.729, 2.20764e+07
1.734, 2.20766e+07
1.739, 2.20768e+07
1.744, 2.20768e+07
1.749, 2.20767e+07
1.754, 2.20765e+07
1.759, 2.20763e+07
1.764, 2.2076e+07
1.768, 2.20758e+07
1.773, 2.20754e+07
1.778, 2.20751e+07
1.783, 2.20747e+07
1.788, 2.20744e+07
1.793, 2.20741e+07
1.798, 2.20738e+07
1.803, 2.20736e+07
1.808, 2.20734e+07
1.812, 2.20733e+07
1.817, 2.20732e+07
1.822, 2.20732e+07
1.827, 2.20731e+07
1.832, 2.20732e+07
1.837, 2.20732e+07
1.842, 2.20733e+07
1.847, 2.20734e+07
1.851, 2.20735e+07
1.856, 2.20736e+07
1.861, 2.20737e+07
1.866, 2.20739e+07
1.871, 2.2074e+07
1.876, 2.20741e+07
1.881, 2.20742e+07
1.886, 2.20743e+07
1.891, 2.20744e+07
1.895, 2.20744e+07
1.9, 2.20744e+07
1.905, 2.20745e+07
1.91, 2.20745e+07
1.915, 2.20745e+07
1.92, 2.20744e+07
1.925, 2.20744e+07
1.93, 2.20744e+07
1.935, 2.20743e+07
1.939, 2.20743e+07
1.944, 2.20743e+07
1.949, 2.20742e+07
1.954, 2.20742e+07
1.959, 2.20741e+07
1.964, 2.20741e+07
1.969, 2.20741e+07
1.974, 2.2074e+07
1.979, 2.2074e+07
1.983, 2.2074e+07
1.988, 2.2074e+07
1.993, 2.2074e+07
1.998, 2.2074e+07
2.003, 2.2074e+07
2.008, 2.2074e+07
2.013, 2.2074e+07
2.018, 2.2074e+07
2.022, 2.2074e+07
2.027, 2.20741e+07
2.032, 2.20741e+07
2.037, 2.20741e+07
2.042, 2.20741e+07
2.047, 2.20741e+07
2.052, 2.20741e+07
2.057, 2.20741e+07
2.062, 2.20742e+07
2.066, 2.20742e+07
2.071, 2.20742e+07
2.076, 2.20742e+07
2.081, 2.20742e+07
2.086, 2.20742e+07
2.091, 2.20742e+07
2.096, 2.20742e+07
2.101, 2.20741e+07
2.106, 2.20741e+07
2.11, 2.20741e+07
2.115, 2.20741e+07
2.12, 2.20741e+07
2.125, 2.20741e+07
2.13, 2.20741e+07
2.135, 2.20741e+07
2.14, 2.20741e+07
2.145, 2.20741e+07
2.149, 2.20741e+07
2.154, 2.20741e+07
2.159, 2.20741e+07
2.164, 2.20741e+07
2.169, 2.20741e+07
2.174, 2.20741e+07
2.179, 2.20741e+07
2.184, 2.20741e+07
2.189, 2.20741e+07
2.193, 2.20741e+07
2.198, 2.20741e+07
2.203, 2.20741e+07
2.208, 2.20741e+07
2.213, 2.20741e+07
2.218, 2.20741e+07
2.223, 2.20741e+07
2.228, 2.20741e+07
2.233, 2.20741e+07
2.237, 2.20741e+07
2.242, 2.20741e+07
2.247, 2.20741e+07
2.252, 2.20741e+07
2.257, 2.20741e+07
2.262, 2.20741e+07
2.267, 2.20741e+07
2.272, 2.20741e+07
2.277, 2.20741e+07
2.281, 2.20741e+07
2.286, 2.20741e+07
2.291, 2.20741e+07
2.296, 2.20741e+07
2.301, 2.20741e+07
2.306, 2.20741e+07
2.311, 2.20741e+07
2.316, 2.20741e+07
2.32, 2.20741e+07
2.325, 2.20741e+07
2.33, 2.20741e+07
2.335, 2.20741e+07
2.34, 2.20741e+07
2.345, 2.20741e+07
2.35, 2.20741e+07
2.355, 2.20741e+07
2.36, 2.20741e+07
2.364, 2.20741e+07
2.369, 2.20741e+07
2.374, 2.20741e+07
2.379, 2.20741e+07
2.384, 2.20741e+07
2.389, 2.20741e+07
2.394, 2.20741e+07
2.399, 2.20741e+07
2.404, 2.20741e+07
2.408, 2.20741e+07
2.413, 2.20741e+07
2.418, 2.20741e+07
2.423, 2.20741e+07
2.428, 2.20741e+07
2.433, 2.20741e+07
2.438, 2.20741e+07
2.443, 2.20741e+07
2.447, 2.20741e+07
2.452, 2.20741e+07
2.457, 2.20741e+07
2.462, 2.20741e+07
2.467, 2.20741e+07
2.472, 2.20741e+07
2.477, 2.20741e+07
2.482, 2.20741e+07
2.487, 2.20741e+07
2.491, 2.20741e+07
2.496, 2.20741e+07
2.501, 2.20741e+07
2.506, 2.20741e+07
2.511, 2.20741e+07
2.516, 2.20741e+07
2.521, 2.20741e+07
2.526, 2.20741e+07
2.531, 2.20741e+07
2.535, 2.20741e+07
2.54, 2.20741e+07
2.545, 2.20741e+07
2.55, 2.20741e+07
2.555, 2.20741e+07
2.56, 2.20741e+07
2.565, 2.20741e+07
2.57, 2.20741e+07
2.574, 2.20741e+07
2.579, 2.20741e+07
2.584, 2.20741e+07
2.589, 2.20741e+07
2.594, 2.20741e+07
2.599, 2.20741e+07
2.604, 2.20741e+07
2.609, 2.20741e+07
2.614, 2.20741e+07
2.618, 2.20741e+07
2.623, 2.20741e+07
2.628, 2.20741e+07
2.633, 2.20741e+07
2.638, 2.20741e+07
2.643, 2.20741e+07
2.648, 2.20741e+07
2.653, 2.20741e+07
2.658, 2.20741e+07
2.662, 2.20741e+07
2.667, 2.20741e+07
2.672, 2.20741e+07
2.677, 2.20741e+07
2.682, 2.20741e+07
2.687, 2.20741e+07
2.692, 2.20741e+07
2.697, 2.20741e+07
2.702, 2.20741e+07
2.706, 2.20741e+07
2.711, 2.20741e+07
2.716, 2.20741e+07
2.721, 2.20741e+07
2.726, 2.20741e+07
2.731, 2.20741e+07
2.736, 2.20741e+07
2.741, 2.20741e+07
2.745, 2.20741e+07
2.75, 2.20741e+07
2.755, 2.20741e+07
2.76, 2.20741e+07
2.765, 2.20741e+07
2.77, 2.20741e+07
2.775, 2.20741e+07
2.78, 2.20741e+07
2.785, 2.20741e+07
2.789, 2.20741e+07
2.794, 2.20741e+07
2.799, 2.20741e+07
2.804, 2.20741e+07
2.809, 2.20741e+07
2.814, 2.20741e+07
2.819, 2.20741e+07
2.824, 2.20741e+07
2.829, 2.20741e+07
2.833, 2.20741e+07
2.838, 2.20741e+07
2.843, 2.20741e+07
2.848, 2.20741e+07
2.853, 2.20741e+07
2.858, 2.20741e+07
2.863, 2.20741e+07
2.868, 2.20741e+07
2.872, 2.20741e+07
2.877, 2.20741e+07
2.882, 2.20741e+07
2.887, 2.20741e+07
2.892, 2.20741e+07
2.897, 2.20741e+07
2.902, 2.20741e+07
2.907, 2.20741e+07
2.912, 2.20741e+07
2.916, 2.20741e+07
2.921, 2.20741e+07
2.926, 2.20741e+07
2.931, 2.20741e+07
2.936, 2.20741e+07
2.941, 2.20741e+07
2.946, 2.20741e+07
2.951, 2.20741e+07
2.956, 2.20741e+07
2.96, 2.20741e+07
2.965, 2.20741e+07
2.97, 2.20741e+07
2.975, 2.20741e+07
2.98, 2.20741e+07
2.985, 2.20741e+07
2.99, 2.20741e+07
2.995, 2.20741e+07
3, 2.20741e+07
3.004, 2.20741e+07
3.009, 2.20741e+07
3.014, 2.20741e+07
3.019, 2.20741e+07
3.024, 2.20741e+07
3.029, 2.20741e+07
3.034, 2.20741e+07
3.039, 2.20741e+07
3.043, 2.20741e+07
3.048, 2.20741e+07
3.053, 2.20741e+07
3.058, 2.20741e+07
3.063, 2.20741e+07
3.068, 2.20741e+07
3.073, 2.20741e+07
3.078, 2.20741e+07
3.083, 2.20741e+07
3.087, 2.20741e+07
3.092, 2.20741e+07
3.097, 2.20741e+07
3.102, 2.20741e+07
3.107, 2.20741e+07
3.112, 2.20741e+07
3.117, 2.20741e+07
3.122, 2.20741e+07
3.127, 2.20741e+07
3.131, 2.20741e+07
3.136, 2.20741e+07
3.141, 2.20741e+07
3.146, 2.20741e+07
3.151, 2.20741e+07
3.156, 2.20741e+07
3.161, 2.20741e+07
3.166, 2.20741e+07
3.17, 2.20741e+07
3.175, 2.20741e+07
3.18, 2.20741e+07
3.185, 2.20741e+07
3.19, 2.20741e+07
3.195, 2.20741e+07
3.2, 2.20741e+07
3.205, 2.20741e+07
3.21, 2.20741e+07
3.214, 2.20741e+07
3.219, 2.20741e+07
3.224, 2.20741e+07
3.229, 2.20741e+07
3.234, 2.20741e+07
3.239, 2.20741e+07
3.244, 2.20741e+07
3.249, 2.20741e+07
3.254, 2.20741e+07
3.258, 2.20741e+07
3.263, 2.20741e+07
3.268, 2.20741e+07
3.273, 2.20741e+07
3.278, 2.20741e+07
3.283, 2.20741e+07
3.288, 2.20741e+07
3.293, 2.20741e+07
3.298, 2.20741e+07
3.302, 2.20741e+07
3.307, 2.20741e+07
3.312, 2.20741e+07
3.317, 2.20741e+07
3.322, 2.20741e+07
3.327, 2.20741e+07
3.332, 2.20741e+07
3.337, 2.20741e+07
3.341, 2.20741e+07
3.346, 2.20741e+07
3.351, 2.20741e+07
3.356, 2.20741e+07
3.361, 2.20741e+07
3.366, 2.20741e+07
3.371, 2.20741e+07
3.376, 2.20741e+07
3.381, 2.20741e+07
3.385, 2.20741e+07
3.39, 2.20741e+07
3.395, 2.20741e+07
3.4, 2.20741e+07
3.405, 2.20741e+07
3.41, 2.20741e+07
3.415, 2.20741e+07
3.42, 2.20741e+07
3.425, 2.20741e+07
3.429, 2.20741e+07
3.434, 2.20741e+07
3.439, 2.20741e+07
3.444, 2.20741e+07
3.449, 2.20741e+07
3.454, 2.20741e+07
3.459, 2.20741e+07
3.464, 2.20741e+07
3.468, 2.20741e+07
3.473, 2.20741e+07
3.478, 2.20741e+07
3.483, 2.20741e+07
3.488, 2.20741e+07
3.493, 2.20741e+07
3.498, 2.20741e+07
3.503, 2.20741e+07
3.508, 2.20741e+07
3.512, 2.20741e+07
3.517, 2.20741e+07
3.522, 2.20741e+07
3.527, 2.20741e+07
3.532, 2.20741e+07
3.537, 2.20741e+07
3.542, 2.20741e+07
3.547, 2.20741e+07
3.552, 2.20741e+07
3.556, 2.20741e+07
3.561, 2.20741e+07
3.566, 2.20741e+07
3.571, 2.20741e+07
3.576, 2.20741e+07
3.581, 2.20741e+07
3.586, 2.20741e+07
3.591, 2.20741e+07
3.596, 2.20741e+07
3.6, 2.20741e+07
3.605, 2.20741e+07
3.61, 2.20741e+07
3.615, 2.20741e+07
3.62, 2.20741e+07
3.625, 2.20741e+07
3.63, 2.20741e+07
3.635, 2.20741e+07
3.639, 2.20741e+07
3.644, 2.20741e+07
3.649, 2.20741e+07
3.654, 2.20741e+07
3.659, 2.20741e+07
3.664, 2.20741e+07
3.669, 2.20741e+07
3.674, 2.20741e+07
3.679, 2.20741e+07
3.683, 2.20741e+07
3.688, 2.20741e+07
3.693, 2.20741e+07
3.698, 2.20741e+07
3.703, 2.20741e+07
3.708, 2.20741e+07
3.713, 2.20741e+07
3.718, 2.20741e+07
3.723, 2.20741e+07
3.727, 2.20741e+07
3.732, 2.20741e+07
3.737, 2.20741e+07
3.742, 2.20741e+07
3.747, 2.20741e+07
3.752, 2.20741e+07
3.757, 2.20741e+07
3.762, 2.20741e+07
3.766, 2.20741e+07
3.771, 2.20741e+07
3.776, 2.20741e+07
3.781, 2.20741e+07
3.786, 2.20741e+07
3.791, 2.20741e+07
3.796, 2.20741e+07
3.801, 2.20741e+07
3.806, 2.20741e+07
3.81, 2.20741e+07
3.815, 2.20741e+07
3.82, 2.20741e+07
3.825, 2.20741e+07
3.83, 2.20741e+07
3.835, 2.20741e+07
3.84, 2.20741e+07
3.845, 2.20741e+07
3.85, 2.20741e+07
3.854, 2.20741e+07
3.859, 2.20741e+07
3.864, 2.20741e+07
3.869, 2.20741e+07
3.874, 2.20741e+07
3.879, 2.20741e+07
3.884, 2.20741e+07
3.889, 2.20741e+07
3.894, 2.20741e+07
3.898, 2.20741e+07
3.903, 2.20741e+07
3.908, 2.20741e+07
3.913, 2.20741e+07
3.918, 2.20741e+07
3.923, 2.20741e+07
3.928, 2.20741e+07
3.933, 2.20741e+07
3.937, 2.20741e+07
3.942, 2.20741e+07
3.947, 2.20741e+07
3.952, 2.20741e+07
3.957, 2.20741e+07
3.962, 2.20741e+07
3.967, 2.20741e+07
3.972, 2.20741e+07
3.977, 2.20741e+07
3.981, 2.20741e+07
3.986, 2.20741e+07
3.991, 2.20741e+07
3.996, 2.20741e+07
4.001, 2.20741e+07
4.006, 2.20741e+07
4.011, 2.20741e+07
4.016, 2.20741e+07
4.021, 2.20741e+07
4.025, 2.20741e+07
4.03, 2.20741e+07
4.035, 2.20741e+07
4.04, 2.20741e+07
4.045, 2.20741e+07
4.05, 2.20741e+07
4.055, 2.20741e+07
4.06, 2.20741e+07
4.064, 2.20741e+07
4.069, 2.20741e+07
4.074, 2.20741e+07
4.079, 2.20741e+07
4.084, 2.20741e+07
4.089, 2.20741e+07
4.094, 2.20741e+07
4.099, 2.20741e+07
4.104, 2.20741e+07
4.108, 2.20741e+07
4.113, 2.20741e+07
4.118, 2.20741e+07
4.123, 2.20741e+07
4.128, 2.20741e+07
4.133, 2.20741e+07
4.138, 2.20741e+07
4.143, 2.20741e+07
4.148, 2.20741e+07
4.152, 2.20741e+07
4.157, 2.20741e+07
4.162, 2.20741e+07
4.167, 2.20741e+07
4.172, 2.20741e+07
4.177, 2.20741e+07
4.182, 2.20741e+07
4.187, 2.20741e+07
4.191, 2.20741e+07
4.196, 2.20741e+07
4.201, 2.20741e+07
4.206, 2.20741e+07
4.211, 2.20741e+07
4.216, 2.20741e+07
4.221, 2.20741e+07
4.226, 2.20741e+07
4.231, 2.20741e+07
4.235, 2.20741e+07
4.24, 2.20741e+07
4.245, 2.20741e+07
4.25, 2.20741e+07
4.255, 2.20741e+07
4.26, 2.20741e+07
4.265, 2.20741e+07
4.27, 2.20741e+07
4.275, 2.20741e+07
4.279, 2.20741e+07
4.284, 2.20741e+07
4.289, 2.20741e+07
4.294, 2.20741e+07
4.299, 2.20741e+07
4.304, 2.20741e+07
4.309, 2.20741e+07
4.314, 2.20741e+07
4.319, 2.20741e+07
4.323, 2.20741e+07
4.328, 2.20741e+07
4.333, 2.20741e+07
4.338, 2.20741e+07
4.343, 2.20741e+07
4.348, 2.20741e+07
4.353, 2.20741e+07
4.358, 2.20741e+07
4.362, 2.20741e+07
4.367, 2.20741e+07
4.372, 2.20741e+07
4.377, 2.20741e+07
4.382, 2.20741e+07
4.387, 2.20741e+07
4.392, 2.20741e+07
4.397, 2.20741e+07
4.402, 2.20741e+07
4.406, 2.20741e+07
4.411, 2.20741e+07
4.416, 2.20741e+07
4.421, 2.20741e+07
4.426, 2.20741e+07
4.431, 2.20741e+07
4.436, 2.20741e+07
4.441, 2.20741e+07
4.446, 2.20741e+07
4.45, 2.20741e+07
4.455, 2.20741e+07
4.46, 2.20741e+07
4.465, 2.20741e+07
4.47, 2.20741e+07
4.475, 2.20741e+07
4.48, 2.20741e+07
4.485, 2.20741e+07
4.489, 2.20741e+07
4.494, 2.20741e+07
4.499, 2.20741e+07
4.504, 2.20741e+07
4.509, 2.20741e+07
4.514, 2.20741e+07
4.519, 2.20741e+07
4.524, 2.20741e+07
4.529, 2.20741e+07
4.533, 2.20741e+07
4.538, 2.20741e+07
4.543, 2.20741e+07
4.548, 2.20741e+07
4.553, 2.20741e+07
4.558, 2.20741e+07
4.563, 2.20741e+07
4.568, 2.20741e+07
4.573, 2.20741e+07
4.577, 2.20741e+07
4.582, 2.20741e+07
4.587, 2.20741e+07
4.592, 2.20741e+07
4.597, 2.20741e+07
4.602, 2.20741e+07
4.607, 2.20741e+07
4.612, 2.20741e+07
4.617, 2.20741e+07
4.621, 2.20741e+07
4.626, 2.20741e+07
4.631, 2.20741e+07
4.636, 2.20741e+07
4.641, 2.20741e+07
4.646, 2.20741e+07
4.651, 2.20741e+07
4.656, 2.20741e+07
4.66, 2.20741e+07
4.665, 2.20741e+07
4.67, 2.20741e+07
4.675, 2.20741e+07
4.68, 2.20741e+07
4.685, 2.20741e+07
4.69, 2.20741e+07
4.695, 2.20741e+07
4.7, 2.20741e+07
4.704, 2.20741e+07
4.709, 2.20741e+07
4.714, 2.20741e+07
4.719, 2.20741e+07
4.724, 2.20741e+07
4.729, 2.20741e+07
4.734, 2.20741e+07
4.739, 2.20741e+07
4.744, 2.20741e+07
4.748, 2.20741e+07
4.753, 2.20741e+07
4.758, 2.20741e+07
4.763, 2.20741e+07
4.768, 2.20741e+07
4.773, 2.20741e+07
4.778, 2.20741e+07
4.783, 2.20741e+07
4.787, 2.20741e+07
4.792, 2.20741e+07
4.797, 2.20741e+07
4.802, 2.20741e+07
4.807, 2.20741e+07
4.812, 2.20741e+07
4.817, 2.20741e+07
4.822, 2.20741e+07
4.827, 2.20741e+07
4.831, 2.20741e+07
4.836, 2.20741e+07
4.841, 2.20741e+07
4.846, 2.20741e+07
4.851, 2.20741e+07
4.856, 2.20741e+07
4.861, 2.20741e+07
4.866, 2.20741e+07
4.871, 2.20741e+07
4.875, 2.20741e+07
4.88, 2.20741e+07
4.885, 2.20741e+07
4.89, 2.20741e+07
4.895, 2.20741e+07
4.9, 2.20741e+07
4.905, 2.20741e+07
4.91, 2.20741e+07
4.915, 2.20741e+07
4.919, 2.20741e+07
4.924, 2.20741e+07
4.929, 2.20741e+07
4.934, 2.20741e+07
4.939, 2.20741e+07
4.944, 2.20741e+07
4.949, 2.20741e+07
4.954, 2.20741e+07
4.958, 2.20741e+07
4.963, 2.20741e+07
4.968, 2.20741e+07
4.973, 2.20741e+07
4.978, 2.20741e+07
4.983, 2.20741e+07
4.988, 2.20741e+07
4.993, 2.20741e+07
4.998, 2.20741e+07
5.002, 2.24244e+07
5.007, 2.28376e+07
5.012, 2.33311e+07
5.017, 2.3726e+07
5.022, 2.40641e+07
5.027, 2.43242e+07
5.032, 2.45086e+07
5.037, 2.46161e+07
5.042, 2.46504e+07
5.046, 2.46286e+07
5.051, 2.45458e+07
5.056, 2.44094e+07
5.061, 2.42292e+07
5.066, 2.40154e+07
5.071, 2.37789e+07
5.076, 2.35299e+07
5.081, 2.32787e+07
5.085, 2.30821e+07
5.09, 2.28489e+07
5.095, 2.26361e+07
5.1, 2.24495e+07
5.105, 2.22933e+07
5.11, 2.21703e+07
5.115, 2.20819e+07
5.12, 2.20281e+07
5.125, 2.20076e+07
5.129, 2.20138e+07
5.134, 2.2047e+07
5.139, 2.21049e+07
5.144, 2.21834e+07
5.149, 2.22777e+07
5.154, 2.23831e+07
5.159, 2.24947e+07
5.164, 2.26081e+07
5.169, 2.27191e+07
5.173, 2.28035e+07
5.178, 2.29011e+07
5.183, 2.29872e+07
5.188, 2.30598e+07
5.193, 2.31177e+07
5.198, 2.316e+07
5.203, 2.31866e+07
5.208, 2.31982e+07
5.213, 2.31955e+07
5.217, 2.3184e+07
5.222, 2.31595e+07
5.227, 2.31254e+07
5.232, 2.30839e+07
5.237, 2.3037e+07
5.242, 2.2987e+07
5.247, 2.29359e+07
5.252, 2.28856e+07
5.256, 2.28471e+07
5.261, 2.28024e+07
5.266, 2.27627e+07
5.271, 2.2729e+07
5.276, 2.27019e+07
5.281, 2.26817e+07
5.286, 2.26686e+07
5.291, 2.26623e+07
5.296, 2.26626e+07
5.3, 2.26671e+07
5.305, 2.26774e+07
5.31, 2.26921e+07
5.315, 2.27104e+07
5.32, 2.27312e+07
5.325, 2.27536e+07
5.33, 2.27766e+07
5.335, 2.27994e+07
5.34, 2.28211e+07
5.344, 2.28373e+07
5.349, 2.28556e+07
5.354, 2.28713e+07
5.359, 2.2884e+07
5.364, 2.28936e+07
5.369, 2.29e+07
5.374, 2.29033e+07
5.379, 2.29036e+07
5.383, 2.29019e+07
5.388, 2.28976e+07
5.393, 2.28912e+07
5.398, 2.28832e+07
5.403, 2.2874e+07
5.408, 2.2864e+07
5.413, 2.28536e+07
5.418, 2.28433e+07
5.423, 2.28334e+07
5.427, 2.2826e+07
5.432, 2.28176e+07
5.437, 2.28103e+07
5.442, 2.28044e+07
5.447, 2.27998e+07
5.452, 2.27967e+07
5.457, 2.2795e+07
5.462, 2.27947e+07
5.467, 2.27956e+07
5.471, 2.27971e+07
5.476, 2.27998e+07
5.481, 2.28033e+07
5.486, 2.28074e+07
5.491, 2.28119e+07
5.496, 2.28165e+07
5.501, 2.28212e+07
5.506, 2.28257e+07
5.511, 2.28299e+07
5.515, 2.2833e+07
5.52, 2.28363e+07
5.525, 2.28391e+07
5.53, 2.28412e+07
5.535, 2.28427e+07
5.54, 2.28436e+07
5.545, 2.28439e+07
5.55, 2.28435e+07
5.554, 2.28429e+07
5.559, 2.28417e+07
5.564, 2.28402e+07
5.569, 2.28384e+07
5.574, 2.28364e+07
5.579, 2.28343e+07
5.584, 2.28322e+07
5.589, 2.28302e+07
5.594, 2.28283e+07
5.598, 2.28268e+07
5.603, 2.28253e+07
5.608, 2.2824e+07
5.613, 2.2823e+07
5.618, 2.28223e+07
5.623, 2.28218e+07
5.628, 2.28217e+07
5.633, 2.28218e+07
5.638, 2.28221e+07
5.642, 2.28225e+07
5.647, 2.28232e+07
5.652, 2.2824e+07
5.657, 2.28249e+07
5.662, 2.28258e+07
5.667, 2.28268e+07
5.672, 2.28277e+07
5.677, 2.28286e+07
5.681, 2.28292e+07
5.686, 2.28299e+07
5.691, 2.28305e+07
5.696, 2.2831e+07
5.701, 2.28314e+07
5.706, 2.28316e+07
5.711, 2.28317e+07
5.716, 2.28316e+07
5.721, 2.28315e+07
5.725, 2.28313e+07
5.73, 2.2831e+07
5.735, 2.28307e+07
5.74, 2.28303e+07
5.745, 2.28299e+07
5.75, 2.28294e+07
5.755, 2.2829e+07
5.76, 2.28286e+07
5.765, 2.28283e+07
5.769, 2.2828e+07
5.774, 2.28277e+07
5.779, 2.28275e+07
5.784, 2.28273e+07
5.789, 2.28272e+07
5.794, 2.28272e+07
5.799, 2.28272e+07
5.804, 2.28272e+07
5.809, 2.28273e+07
5.813, 2.28274e+07
5.818, 2.28276e+07
5.823, 2.28278e+07
5.828, 2.2828e+07
5.833, 2.28281e+07
5.838, 2.28283e+07
5.843, 2.28285e+07
5.848, 2.28287e+07
5.852, 2.28288e+07
5.857, 2.28289e+07
5.862, 2.2829e+07
5.867, 2.28291e+07
5.872, 2.28292e+07
5.877, 2.28292e+07
5.882, 2.28292e+07
5.887, 2.28292e+07
5.892, 2.28291e+07
5.896, 2.28291e+07
5.901, 2.2829e+07
5.906, 2.28289e+07
5.911, 2.28289e+07
5.916, 2.28288e+07
5.921, 2.28287e+07
5.926, 2.28286e+07
5.931, 2.28285e+07
5.936, 2.28285e+07
5.94, 2.28284e+07
5.945, 2.28284e+07
5.95, 2.28283e+07
5.955, 2.28283e+07
5.96, 2.28283e+07
5.965, 2.28283e+07
5.97, 2.28283e+07
5.975, 2.28283e+07
5.979, 2.28283e+07
5.984, 2.28284e+07
5.989, 2.28284e+07
5.994, 2.28284e+07
5.999, 2.28285e+07
6.004, 2.28285e+07
6.009, 2.28285e+07
6.014, 2.28286e+07
6.019, 2.28286e+07
6.023, 2.28286e+07
6.028, 2.28287e+07
6.033, 2.28287e+07
6.038, 2.28287e+07
6.043, 2.28287e+07
6.048, 2.28287e+07
6.053, 2.28287e+07
6.058, 2.28287e+07
6.063, 2.28287e+07
6.067, 2.28287e+07
6.072, 2.28287e+07
6.077, 2.28286e+07
6.082, 2.28286e+07
6.087, 2.28286e+07
6.092, 2.28286e+07
6.097, 2.28286e+07
6.102, 2.28286e+07
6.106, 2.28285e+07
6.111, 2.28285e+07
6.116, 2.28285e+07
6.121, 2.28285e+07
6.126, 2.28285e+07
6.131, 2.28285e+07
6.136, 2.28285e+07
6.141, 2.28285e+07
6.146, 2.28285e+07
6.15, 2.28285e+07
6.155, 2.28285e+07
6.16, 2.28285e+07
6.165, 2.28285e+07
6.17, 2.28286e+07
6.175, 2.28286e+07
6.18, 2.28286e+07
6.185, 2.28286e+07
6.19, 2.28286e+07
6.194, 2.28286e+07
6.199, 2.28286e+07
6.204, 2.28286e+07
6.209, 2.28286e+07
6.214, 2.28286e+07
6.219, 2.28286e+07
6.224, 2.28286e+07
6.229, 2.28286e+07
6.234, 2.28286e+07
6.238, 2.28286e+07
6.243, 2.28286e+07
6.248, 2.28286e+07
6.253, 2.28286e+07
6.258, 2.28286e+07
6.263, 2.28286e+07
6.268, 2.28286e+07
6.273, 2.28286e+07
6.277, 2.28286e+07
6.282, 2.28286e+07
6.287, 2.28286e+07
6.292, 2.28286e+07
6.297, 2.28286e+07
6.302, 2.28286e+07
6.307, 2.28286e+07
6.312, 2.28286e+07
6.317, 2.28286e+07
6.321, 2.28286e+07
6.326, 2.28286e+07
6.331, 2.28286e+07
6.336, 2.28286e+07
6.341, 2.28286e+07
6.346, 2.28286e+07
6.351, 2.28286e+07
6.356, 2.28286e+07
6.361, 2.28286e+07
6.365, 2.28286e+07
6.37, 2.28286e+07
6.375, 2.28286e+07
6.38, 2.28286e+07
6.385, 2.28286e+07
6.39, 2.28286e+07
6.395, 2.28286e+07
6.4, 2.28286e+07
6.404, 2.28286e+07
6.409, 2.28286e+07
6.414, 2.28286e+07
6.419, 2.28286e+07
6.424, 2.28286e+07
6.429, 2.28286e+07
6.434, 2.28286e+07
6.439, 2.28286e+07
6.444, 2.28286e+07
6.448, 2.28286e+07
6.453, 2.28286e+07
6.458, 2.28286e+07
6.463, 2.28286e+07
6.468, 2.28286e+07
6.473, 2.28286e+07
6.478, 2.28286e+07
6.483, 2.28286e+07
6.488, 2.28286e+07
6.492, 2.28286e+07
6.497, 2.28286e+07
6.502, 2.28286e+07
6.507, 2.28286e+07
6.512, 2.28286e+07
6.517, 2.28286e+07
6.522, 2.28286e+07
6.527, 2.28286e+07
6.532, 2.28286e+07
6.536, 2.28286e+07
6.541, 2.28286e+07
6.546, 2.28286e+07
6.551, 2.28286e+07
6.556, 2.28286e+07
6.561, 2.28286e+07
6.566, 2.28286e+07
6.571, 2.28286e+07
6.575, 2.28286e+07
6.58, 2.28286e+07
6.585, 2.28286e+07
6.59, 2.28286e+07
6.595, 2.28286e+07
6.6, 2.28286e+07
6.605, 2.28286e+07
6.61, 2.28286e+07
6.615, 2.28286e+07
6.619, 2.28286e+07
6.624, 2.28286e+07
6.629, 2.28286e+07
6.634, 2.28286e+07
6.639, 2.28286e+07
6.644, 2.28286e+07
6.649, 2.28286e+07
6.654, 2.28286e+07
6.659, 2.28286e+07
6.663, 2.28286e+07
6.668, 2.28286e+07
6.673, 2.28286e+07
6.678, 2.28286e+07
6.683, 2.28286e+07
6.688, 2.28286e+07
6.693, 2.28286e+07
6.698, 2.28286e+07
6.702, 2.28286e+07
6.707, 2.28286e+07
6.712, 2.28286e+07
6.717, 2.28286e+07
6.722, 2.28286e+07
6.727, 2.28286e+07
6.732, 2.28286e+07
6.737, 2.28286e+07
6.742, 2.28286e+07
6.746, 2.28286e+07
6.751, 2.28286e+07
6.756, 2.28286e+07
6.761, 2.28286e+07
6.766, 2.28286e+07
6.771, 2.28286e+07
6.776, 2.28286e+07
6.781, 2.28286e+07
6.786, 2.28286e+07
6.79, 2.28286e+07
6.795, 2.28286e+07
6.8, 2.28286e+07
6.805, 2.28286e+07
6.81, 2.28286e+07
6.815, 2.28286e+07
6.82, 2.28286e+07
6.825, 2.28286e+07
6.83, 2.28286e+07
6.834, 2.28286e+07
6.839, 2.28286e+07
6.844, 2.28286e+07
6.849, 2.28286e+07
6.854, 2.28286e+07
6.859, 2.28286e+07
6.864, 2.28286e+07
6.869, 2.28286e+07
6.873, 2.28286e+07
6.878, 2.28286e+07
6.883, 2.28286e+07
6.888, 2.28286e+07
6.893, 2.28286e+07
6.898, 2.28286e+07
6.903, 2.28286e+07
6.908, 2.28286e+07
6.913, 2.28286e+07
6.917, 2.28286e+07
6.922, 2.28286e+07
6.927, 2.28286e+07
6.932, 2.28286e+07
6.937, 2.28286e+07
6.942, 2.28286e+07
6.947, 2.28286e+07
6.952, 2.28286e+07
6.957, 2.28286e+07
6.961, 2.28286e+07
6.966, 2.28286e+07
6.971, 2.28286e+07
6.976, 2.28286e+07
6.981, 2.28286e+07
6.986, 2.28286e+07
6.991, 2.28286e+07
6.996, 2.28286e+07
7, 2.28286e+07
7.005, 2.28286e+07
7.01, 2.28286e+07
7.015, 2.28286e+07
7.02, 2.28286e+07
7.025, 2.28286e+07
7.03, 2.28286e+07
7.035, 2.28286e+07
7.04, 2.28286e+07
7.044, 2.28286e+07
7.049, 2.28286e+07
7.054, 2.28286e+07
7.059, 2.28286e+07
7.064, 2.28286e+07
7.069, 2.28286e+07
7.074, 2.28286e+07
7.079, 2.28286e+07
7.084, 2.28286e+07
7.088, 2.28286e+07
7.093, 2.28286e+07
7.098, 2.28286e+07
7.103, 2.28286e+07
7.108, 2.28286e+07
7.113, 2.28286e+07
7.118, 2.28286e+07
7.123, 2.28286e+07
7.128, 2.28286e+07
7.132, 2.28286e+07
7.137, 2.28286e+07
7.142, 2.28286e+07
7.147, 2.28286e+07
7.152, 2.28286e+07
7.157, 2.28286e+07
7.162, 2.28286e+07
7.167, 2.28286e+07
7.171, 2.28286e+07
7.176, 2.28286e+07
7.181, 2.28286e+07
7.186, 2.28286e+07
7.191, 2.28286e+07
7.196, 2.28286e+07
7.201, 2.28286e+07
7.206, 2.28286e+07
7.211, 2.28286e+07
7.215, 2.28286e+07
7.22, 2.28286e+07
7.225, 2.28286e+07
7.23, 2.28286e+07
7.235, 2.28286e+07
7.24, 2.28286e+07
7.245, 2.28286e+07
7.25, 2.28286e+07
7.255, 2.28286e+07
7.259, 2.28286e+07
7.264, 2.28286e+07
7.269, 2.28286e+07
7.274, 2.28286e+07
7.279, 2.28286e+07
7.284, 2.28286e+07
7.289, 2.28286e+07
7.294, 2.28286e+07
7.298, 2.28286e+07
7.303, 2.28286e+07
7.308, 2.28286e+07
7.313, 2.28286e+07
7.318, 2.28286e+07
7.323, 2.28286e+07
7.328, 2.28286e+07
7.333, 2.28286e+07
7.338, 2.28286e+07
7.342, 2.28286e+07
7.347, 2.28286e+07
7.352, 2.28286e+07
7.357, 2.28286e+07
7.362, 2.28286e+07
7.367, 2.28286e+07
7.372, 2.28286e+07
7.377, 2.28286e+07
7.382, 2.28286e+07
7.386, 2.28286e+07
7.391, 2.28286e+07
7.396, 2.28286e+07
7.401, 2.28286e+07
7.406, 2.28286e+07
7.411, 2.28286e+07
7.416, 2.28286e+07
7.421, 2.28286e+07
7.426, 2.28286e+07
7.43, 2.28286e+07
7.435, 2.28286e+07
7.44, 2.28286e+07
7.445, 2.28286e+07
7.45, 2.28286e+07
7.455, 2.28286e+07
7.46, 2.28286e+07
7.465, 2.28286e+07
7.469, 2.28286e+07
7.474, 2.28286e+07
7.479, 2.28286e+07
7.484, 2.28286e+07
7.489, 2.28286e+07
7.494, 2.28286e+07
7.499, 2.28286e+07
7.504, 2.28286e+07
7.509, 2.28286e+07
7.513, 2.28286e+07
7.518, 2.28286e+07
7.523, 2.28286e+07
7.528, 2.28286e+07
7.533, 2.28286e+07
7.538, 2.28286e+07
7.543, 2.28286e+07
7.548, 2.28286e+07
7.553, 2.28286e+07
7.557, 2.28286e+07
7.562, 2.28286e+07
7.567, 2.28286e+07
7.572, 2.28286e+07
7.577, 2.28286e+07
7.582, 2.28286e+07
7.587, 2.28286e+07
7.592, 2.28286e+07
7.596, 2.28286e+07
7.601, 2.28286e+07
7.606, 2.28286e+07
7.611, 2.28286e+07
7.616, 2.28286e+07
7.621, 2.28286e+07
7.626, 2.28286e+07
7.631, 2.28286e+07
7.636, 2.28286e+07
7.64, 2.28286e+07
7.645, 2.28286e+07
7.65, 2.28286e+07
7.655, 2.28286e+07
7.66, 2.28286e+07
7.665, 2.28286e+07
7.67, 2.28286e+07
7.675, 2.28286e+07
7.68, 2.28286e+07
7.684, 2.28286e+07
7.689, 2.28286e+07
7.694, 2.28286e+07
7.699, 2.28286e+07
7.704, 2.28286e+07
7.709, 2.28286e+07
7.714, 2.28286e+07
7.719, 2.28286e+07
7.723, 2.28286e+07
7.728, 2.28286e+07
7.733, 2.28286e+07
7.738, 2.28286e+07
7.743, 2.28286e+07
7.748, 2.28286e+07
7.753, 2.28286e+07
7.758, 2.28286e+07
7.763, 2.28286e+07
7.767, 2.28286e+07
7.772, 2.28286e+07
7.777, 2.28286e+07
7.782, 2.28286e+07
7.787, 2.28286e+07
7.792, 2.28286e+07
7.797, 2.28286e+07
7.802, 2.28286e+07
7.807, 2.28286e+07
7.811, 2.28286e+07
7.816, 2.28286e+07
7.821, 2.28286e+07
7.826, 2.28286e+07
7.831, 2.28286e+07
7.836, 2.28286e+07
7.841, 2.28286e+07
7.846, 2.28286e+07
7.851, 2.28286e+07
7.855, 2.28286e+07
7.86, 2.28286e+07
7.865, 2.28286e+07
7.87, 2.28286e+07
7.875, 2.28286e+07
7.88, 2.28286e+07
7.885, 2.28286e+07
7.89, 2.28286e+07
7.894, 2.28286e+07
7.899, 2.28286e+07
7.904, 2.28286e+07
7.909, 2.28286e+07
7.914, 2.28286e+07
7.919, 2.28286e+07
7.924, 2.28286e+07
7.929, 2.28286e+07
7.934, 2.28286e+07
7.938, 2.28286e+07
7.943, 2.28286e+07
7.948, 2.28286e+07
7.953, 2.28286e+07
7.958, 2.28286e+07
7.963, 2.28286e+07
7.968, 2.28286e+07
7.973, 2.28286e+07
7.978, 2.28286e+07
7.982, 2.28286e+07
7.987, 2.28286e+07
7.992, 2.28286e+07
7.997, 2.28286e+07
8.002, 2.28286e+07
8.007, 2.28286e+07
8.012, 2.28286e+07
8.017, 2.28286e+07
8.021, 2.28286e+07
8.026, 2.28286e+07
8.031, 2.28286e+07
8.036, 2.28286e+07
8.041, 2.28286e+07
8.046, 2.28286e+07
8.051, 2.28286e+07
8.056, 2.28286e+07
8.061, 2.28286e+07
8.065, 2.28286e+07
8.07, 2.28286e+07
8.075, 2.28286e+07
8.08, 2.28286e+07
8.085, 2.28286e+07
8.09, 2.28286e+07
8.095, 2.28286e+07
8.1, 2.28286e+07
8.105, 2.28286e+07
8.109, 2.28286e+07
8.114, 2.28286e+07
8.119, 2.28286e+07
8.124, 2.28286e+07
8.129, 2.28286e+07
8.134, 2.28286e+07
8.139, 2.28286e+07
8.144, 2.28286e+07
8.149, 2.28286e+07
8.153, 2.28286e+07
8.158, 2.28286e+07
8.163, 2.28286e+07
8.168, 2.28286e+07
8.173, 2.28286e+07
8.178, 2.28286e+07
8.183, 2.28286e+07
8.188, 2.28286e+07
8.192, 2.28286e+07
8.197, 2.28286e+07
8.202, 2.28286e+07
8.207, 2.28286e+07
8.212, 2.28286e+07
8.217, 2.28286e+07
8.222, 2.28286e+07
8.227, 2.28286e+07
8.232, 2.28286e+07
8.236, 2.28286e+07
8.241, 2.28286e+07
8.246, 2.28286e+07
8.251, 2.28286e+07
8.256, 2.28286e+07
8.261, 2.28286e+07
8.266, 2.28286e+07
8.271, 2.28286e+07
8.276, 2.28286e+07
8.28, 2.28286e+07
8.285, 2.28286e+07
8.29, 2.28286e+07
8.295, 2.28286e+07
8.3, 2.28286e+07
8.305, 2.28286e+07
8.31, 2.28286e+07
8.315, 2.28286e+07
8.319, 2.28286e+07
8.324, 2.28286e+07
8.329, 2.28286e+07
8.334, 2.28286e+07
8.339, 2.28286e+07
8.344, 2.28286e+07
8.349, 2.28286e+07
8.354, 2.28286e+07
8.359, 2.28286e+07
8.363, 2.28286e+07
8.368, 2.28286e+07
8.373, 2.28286e+07
8.378, 2.28286e+07
8.383, 2.28286e+07
8.388, 2.28286e+07
8.393, 2.28286e+07
8.398, 2.28286e+07
8.403, 2.28286e+07
8.407, 2.28286e+07
8.412, 2.28286e+07
8.417, 2.28286e+07
8.422, 2.28286e+07
8.427, 2.28286e+07
8.432, 2.28286e+07
8.437, 2.28286e+07
8.442, 2.28286e+07
8.447, 2.28286e+07
8.451, 2.28286e+07
8.456, 2.28286e+07
8.461, 2.28286e+07
8.466, 2.28286e+07
8.471, 2.28286e+07
8.476, 2.28286e+07
8.481, 2.28286e+07
8.486, 2.28286e+07
8.49, 2.28286e+07
8.495, 2.28286e+07
8.5, 2.28286e+07
8.505, 2.28286e+07
8.51, 2.28286e+07
8.515, 2.28286e+07
8.52, 2.28286e+07
8.525, 2.28286e+07
8.53, 2.28286e+07
8.534, 2.28286e+07
8.539, 2.28286e+07
8.544, 2.28286e+07
8.549, 2.28286e+07
8.554, 2.28286e+07
8.559, 2.28286e+07
8.564, 2.28286e+07
8.569, 2.28286e+07
8.574, 2.28286e+07
8.578, 2.28286e+07
8.583, 2.28286e+07
8.588, 2.28286e+07
8.593, 2.28286e+07
8.598, 2.28286e+07
8.603, 2.28286e+07
8.608, 2.28286e+07
8.613, 2.28286e+07
8.617, 2.28286e+07
8.622, 2.28286e+07
8.627, 2.28286e+07
8.632, 2.28286e+07
8.637, 2.28286e+07
8.642, 2.28286e+07
8.647, 2.28286e+07
8.652, 2.28286e+07
8.657, 2.28286e+07
8.661, 2.28286e+07
8.666, 2.28286e+07
8.671, 2.28286e+07
8.676, 2.28286e+07
8.681, 2.28286e+07
8.686, 2.28286e+07
8.691, 2.28286e+07
8.696, 2.28286e+07
8.701, 2.28286e+07
8.705, 2.28286e+07
8.71, 2.28286e+07
8.715, 2.28286e+07
8.72, 2.28286e+07
8.725, 2.28286e+07
8.73, 2.28286e+07
8.735, 2.28286e+07
8.74, 2.28286e+07
8.745, 2.28286e+07
8.749, 2.28286e+07
8.754, 2.28286e+07
8.759, 2.28286e+07
8.764, 2.28286e+07
8.769, 2.28286e+07
8.774, 2.28286e+07
8.779, 2.28286e+07
8.784, 2.28286e+07
8.788, 2.28286e+07
8.793, 2.28286e+07
8.798, 2.28286e+07
8.803, 2.28286e+07
8.808, 2.28286e+07
8.813, 2.28286e+07
8.818, 2.28286e+07
8.823, 2.28286e+07
8.828, 2.28286e+07
8.832, 2.28286e+07
8.837, 2.28286e+07
8.842, 2.28286e+07
8.847, 2.28286e+07
8.852, 2.28286e+07
8.857, 2.28286e+07
8.862, 2.28286e+07
8.867, 2.28286e+07
8.872, 2.28286e+07
8.876, 2.28286e+07
8.881, 2.28286e+07
8.886, 2.28286e+07
8.891, 2.28286e+07
8.896, 2.28286e+07
8.901, 2.28286e+07
8.906, 2.28286e+07
8.911, 2.28286e+07
8.915, 2.28286e+07
8.92, 2.28286e+07
8.925, 2.28286e+07
8.93, 2.28286e+07
8.935, 2.28286e+07
8.94, 2.28286e+07
8.945, 2.28286e+07
8.95, 2.28286e+07
8.955, 2.28286e+07
8.959, 2.28286e+07
8.964, 2.28286e+07
8.969, 2.28286e+07
8.974, 2.28286e+07
8.979, 2.28286e+07
8.984, 2.28286e+07
8.989, 2.28286e+07
8.994, 2.28286e+07
8.999, 2.28286e+07
9.003, 2.28286e+07
9.008, 2.28286e+07
9.013, 2.28286e+07
9.018, 2.28286e+07
9.023, 2.28286e+07
9.028, 2.28286e+07
9.033, 2.28286e+07
9.038, 2.28286e+07
9.043, 2.28286e+07
9.047, 2.28286e+07
9.052, 2.28286e+07
9.057, 2.28286e+07
9.062, 2.28286e+07
9.067, 2.28286e+07
9.072, 2.28286e+07
9.077, 2.28286e+07
9.082, 2.28286e+07
9.086, 2.28286e+07
9.091, 2.28286e+07
9.096, 2.28286e+07
9.101, 2.28286e+07
9.106, 2.28286e+07
9.111, 2.28286e+07
9.116, 2.28286e+07
9.121, 2.28286e+07
9.126, 2.28286e+07
9.13, 2.28286e+07
9.135, 2.28286e+07
9.14, 2.28286e+07
9.145, 2.28286e+07
9.15, 2.28286e+07
9.155, 2.28286e+07
9.16, 2.28286e+07
9.165, 2.28286e+07
9.17, 2.28286e+07
9.174, 2.28286e+07
9.179, 2.28286e+07
9.184, 2.28286e+07
9.189, 2.28286e+07
9.194, 2.28286e+07
9.199, 2.28286e+07
9.204, 2.28286e+07
9.209, 2.28286e+07
9.213, 2.28286e+07
9.218, 2.28286e+07
9.223, 2.28286e+07
9.228, 2.28286e+07
9.233, 2.28286e+07
9.238, 2.28286e+07
9.243, 2.28286e+07
9.248, 2.28286e+07
9.253, 2.28286e+07
9.257, 2.28286e+07
9.262, 2.28286e+07
9.267, 2.28286e+07
9.272, 2.28286e+07
9.277, 2.28286e+07
9.282, 2.28286e+07
9.287, 2.28286e+07
9.292, 2.28286e+07
9.297, 2.28286e+07
9.301, 2.28286e+07
9.306, 2.28286e+07
9.311, 2.28286e+07
9.316, 2.28286e+07
9.321, 2.28286e+07
9.326, 2.28286e+07
9.331, 2.28286e+07
9.336, 2.28286e+07
9.34, 2.28286e+07
9.345, 2.28286e+07
9.35, 2.28286e+07
9.355, 2.28286e+07
9.36, 2.28286e+07
9.365, 2.28286e+07
9.37, 2.28286e+07
9.375, 2.28286e+07
9.38, 2.28286e+07
9.384, 2.28286e+07
9.389, 2.28286e+07
9.394, 2.28286e+07
9.399, 2.28286e+07
9.404, 2.28286e+07
9.409, 2.28286e+07
9.414, 2.28286e+07
9.419, 2.28286e+07
9.424, 2.28286e+07
9.428, 2.28286e+07
9.433, 2.28286e+07
9.438, 2.28286e+07
9.443, 2.28286e+07
9.448, 2.28286e+07
9.453, 2.28286e+07
9.458, 2.28286e+07
9.463, 2.28286e+07
9.468, 2.28286e+07
9.472, 2.28286e+07
9.477, 2.28286e+07
9.482, 2.28286e+07
9.487, 2.28286e+07
9.492, 2.28286e+07
9.497, 2.28286e+07
9.502, 2.28286e+07
9.507, 2.28286e+07
9.511, 2.28286e+07
9.516, 2.28286e+07
9.521, 2.28286e+07
9.526, 2.28286e+07
9.531, 2.28286e+07
9.536, 2.28286e+07
9.541, 2.28286e+07
9.546, 2.28286e+07
9.551, 2.28286e+07
9.555, 2.28286e+07
9.56, 2.28286e+07
9.565, 2.28286e+07
9.57, 2.28286e+07
9.575, 2.28286e+07
9.58, 2.28286e+07
9.585, 2.28286e+07
9.59, 2.28286e+07
9.595, 2.28286e+07
9.599, 2.28286e+07
9.604, 2.28286e+07
9.609, 2.28286e+07
9.614, 2.28286e+07
9.619, 2.28286e+07
9.624, 2.28286e+07
9.629, 2.28286e+07
9.634, 2.28286e+07
9.638, 2.28286e+07
9.643, 2.28286e+07
9.648, 2.28286e+07
9.653, 2.28286e+07
9.658, 2.28286e+07
9.663, 2.28286e+07
9.668, 2.28286e+07
9.673, 2.28286e+07
9.678, 2.28286e+07
9.682, 2.28286e+07
9.687, 2.28286e+07
9.692, 2.28286e+07
9.697, 2.28286e+07
9.702, 2.28286e+07
9.707, 2.28286e+07
9.712, 2.28286e+07
9.717, 2.28286e+07
9.722, 2.28286e+07
9.726, 2.28286e+07
9.731, 2.28286e+07
9.736, 2.28286e+07
9.741, 2.28286e+07
9.746, 2.28286e+07
9.751, 2.28286e+07
9.756, 2.28286e+07
9.761, 2.28286e+07
9.766, 2.28286e+07
9.77, 2.28286e+07
9.775, 2.28286e+07
9.78, 2.28286e+07
9.785, 2.28286e+07
9.79, 2.28286e+07
9.795, 2.28286e+07
9.8, 2.28286e+07
9.805, 2.28286e+07
9.809, 2.28286e+07
9.814, 2.28286e+07
9.819, 2.28286e+07
9.824, 2.28286e+07
9.829, 2.28286e+07
9.834, 2.28286e+07
9.839, 2.28286e+07
9.844, 2.28286e+07
9.849, 2.28286e+07
9.853, 2.28286e+07
9.858, 2.28286e+07
9.863, 2.28286e+07
9.868, 2.28286e+07
9.873, 2.28286e+07
9.878, 2.28286e+07
9.883, 2.28286e+07
9.888, 2.28286e+07
9.893, 2.28286e+07
9.897, 2.28286e+07
9.902, 2.28286e+07
9.907, 2.28286e+07
9.912, 2.28286e+07
9.917, 2.28286e+07
9.922, 2.28286e+07
9.927, 2.28286e+07
9.932, 2.28286e+07
9.936, 2.28286e+07
9.941, 2.28286e+07
9.946, 2.28286e+07
9.951, 2.28286e+07
9.956, 2.28286e+07
9.961, 2.28286e+07
9.966, 2.28286e+07
9.971, 2.28286e+07
9.976, 2.28286e+07
9.98, 2.28286e+07
9.985, 2.28286e+07
9.99, 2.28286e+07
9.995, 2.28286e+07
10, 2.28286e+07
